state,ac_no,ac_name,district_current,district_2011,pc_no,pc_name,source_url,note
Gujarat,45,Naranpura,Ahmedabad,Ahmadabad,6,Gandhinagar,https://www.eci.gov.in/Documents/Delimitation/DelimitationofParliamentaryAssemblyConstituenciesOrder-2008(English).pdf,"extent (2008 order): AMC wards 11-14; wholly inside Ahmedabad City taluka; Census-2011 district Ahmadabad (Botad, carved 2013 from Ahmadabad+Bhavnagar, does not touch these wards); src: DPACO-2008 Table-A (name, district) + Table-B (PC)"
Gujarat,46,Nikol,Ahmedabad,Ahmadabad,7,Ahmedabad East,https://www.eci.gov.in/Documents/Delimitation/DelimitationofParliamentaryAssemblyConstituenciesOrder-2008(English).pdf,"extent (2008 order): AMC wards 31, 34, 35; wholly inside Ahmedabad City taluka; Census-2011 district Ahmadabad (Botad, carved 2013 from Ahmadabad+Bhavnagar, does not touch these wards); src: DPACO-2008 Table-A (name, district) + Table-B (PC)"
Gujarat,47,Naroda,Ahmedabad,Ahmadabad,7,Ahmedabad East,https://www.eci.gov.in/Documents/Delimitation/DelimitationofParliamentaryAssemblyConstituenciesOrder-2008(English).pdf,"extent (2008 order): AMC wards 23, 24, 27 + Ahmedabad Cantonment; wholly inside Ahmedabad City taluka; Census-2011 district Ahmadabad (Botad, carved 2013 from Ahmadabad+Bhavnagar, does not touch these wards); src: DPACO-2008 Table-A (name, district) + Table-B (PC)"
Gujarat,48,Thakkarbapa Nagar,Ahmedabad,Ahmadabad,7,Ahmedabad East,https://www.eci.gov.in/Documents/Delimitation/DelimitationofParliamentaryAssemblyConstituenciesOrder-2008(English).pdf,"extent (2008 order): AMC wards 22, 25, 26 + Asarva (OG) ward 44; wholly inside Ahmedabad City taluka; Census-2011 district Ahmadabad (Botad, carved 2013 from Ahmadabad+Bhavnagar, does not touch these wards); src: DPACO-2008 Table-A (name, district) + Table-B (PC)"
Gujarat,49,Bapunagar,Ahmedabad,Ahmadabad,7,Ahmedabad East,https://www.eci.gov.in/Documents/Delimitation/DelimitationofParliamentaryAssemblyConstituenciesOrder-2008(English).pdf,"extent (2008 order): AMC wards 21, 28, 29; wholly inside Ahmedabad City taluka; Census-2011 district Ahmadabad (Botad, carved 2013 from Ahmadabad+Bhavnagar, does not touch these wards); src: DPACO-2008 Table-A (name, district) + Table-B (PC)"
Gujarat,50,Amraiwadi,Ahmedabad,Ahmadabad,8,Ahmedabad West,https://www.eci.gov.in/Documents/Delimitation/DelimitationofParliamentaryAssemblyConstituenciesOrder-2008(English).pdf,"extent (2008 order): AMC wards 32, 33, 41; wholly inside Ahmedabad City taluka; Census-2011 district Ahmadabad (Botad, carved 2013 from Ahmadabad+Bhavnagar, does not touch these wards); PC 8 Ahmedabad West is reserved SC; src: DPACO-2008 Table-A (name, district) + Table-B (PC)"
Gujarat,51,Dariapur,Ahmedabad,Ahmadabad,8,Ahmedabad West,https://www.eci.gov.in/Documents/Delimitation/DelimitationofParliamentaryAssemblyConstituenciesOrder-2008(English).pdf,"extent (2008 order): AMC wards 2, 3, 4, 16; wholly inside Ahmedabad City taluka; Census-2011 district Ahmadabad (Botad, carved 2013 from Ahmadabad+Bhavnagar, does not touch these wards); PC 8 Ahmedabad West is reserved SC; src: DPACO-2008 Table-A (name, district) + Table-B (PC)"
Gujarat,52,Jamalpur-Khadia,Ahmedabad,Ahmadabad,8,Ahmedabad West,https://www.eci.gov.in/Documents/Delimitation/DelimitationofParliamentaryAssemblyConstituenciesOrder-2008(English).pdf,"extent (2008 order): AMC wards 1, 5, 6, 39; wholly inside Ahmedabad City taluka; Census-2011 district Ahmadabad (Botad, carved 2013 from Ahmadabad+Bhavnagar, does not touch these wards); PC 8 Ahmedabad West is reserved SC; src: DPACO-2008 Table-A (name, district) + Table-B (PC)"
Gujarat,53,Maninagar,Ahmedabad,Ahmadabad,8,Ahmedabad West,https://www.eci.gov.in/Documents/Delimitation/DelimitationofParliamentaryAssemblyConstituenciesOrder-2008(English).pdf,"extent (2008 order): AMC wards 36, 37, 43; wholly inside Ahmedabad City taluka; Census-2011 district Ahmadabad (Botad, carved 2013 from Ahmadabad+Bhavnagar, does not touch these wards); PC 8 Ahmedabad West is reserved SC; src: DPACO-2008 Table-A (name, district) + Table-B (PC)"
Gujarat,54,Danilimda,Ahmedabad,Ahmadabad,8,Ahmedabad West,https://www.eci.gov.in/Documents/Delimitation/DelimitationofParliamentaryAssemblyConstituenciesOrder-2008(English).pdf,"reserved=SC; extent (2008 order): villages Piplaj, Shahwadi, Saijpur-Gopalpur + AMC wards 30, 38, 40; wholly inside Ahmedabad City taluka; Census-2011 district Ahmadabad (Botad, carved 2013 from Ahmadabad+Bhavnagar, does not touch these wards); PC 8 Ahmedabad West is reserved SC; src: DPACO-2008 Table-A (name, district) + Table-B (PC)"
Gujarat,55,Sabarmati,Ahmedabad,Ahmadabad,6,Gandhinagar,https://www.eci.gov.in/Documents/Delimitation/DelimitationofParliamentaryAssemblyConstituenciesOrder-2008(English).pdf,"extent (2008 order): Kali, Ranip, Chandlodiya (M) + AMC ward 15; wholly inside Ahmedabad City taluka; Census-2011 district Ahmadabad (Botad, carved 2013 from Ahmadabad+Bhavnagar, does not touch these wards); src: DPACO-2008 Table-A (name, district) + Table-B (PC)"
Gujarat,56,Asarwa,Ahmedabad,Ahmadabad,8,Ahmedabad West,https://www.eci.gov.in/Documents/Delimitation/DelimitationofParliamentaryAssemblyConstituenciesOrder-2008(English).pdf,"reserved=SC; extent (2008 order): AMC wards 17-20; wholly inside Ahmedabad City taluka; Census-2011 district Ahmadabad (Botad, carved 2013 from Ahmadabad+Bhavnagar, does not touch these wards); PC 8 Ahmedabad West is reserved SC; src: DPACO-2008 Table-A (name, district) + Table-B (PC)"
Gujarat,160,Surat North,Surat,Surat,24,Surat,https://www.eci.gov.in/Documents/Delimitation/DelimitationofParliamentaryAssemblyConstituenciesOrder-2008(English).pdf,"extent (2008 order): SMC wards 4, 6, 7, 29, 31, 32; wholly inside Surat City taluka; Census-2011 district Surat (Tapi was carved in 2007, before the census); src: DPACO-2008 Table-A (name, district) + Table-B (PC)"
Gujarat,161,Varachha Road,Surat,Surat,24,Surat,https://www.eci.gov.in/Documents/Delimitation/DelimitationofParliamentaryAssemblyConstituenciesOrder-2008(English).pdf,"extent (2008 order): SMC wards 28, 43, 44, 45; wholly inside Surat City taluka; Census-2011 district Surat (Tapi was carved in 2007, before the census); src: DPACO-2008 Table-A (name, district) + Table-B (PC)"
Gujarat,162,Karanj,Surat,Surat,24,Surat,https://www.eci.gov.in/Documents/Delimitation/DelimitationofParliamentaryAssemblyConstituenciesOrder-2008(English).pdf,"extent (2008 order): SMC wards 36, 46, 47, 48; wholly inside Surat City taluka; Census-2011 district Surat (Tapi was carved in 2007, before the census); src: DPACO-2008 Table-A (name, district) + Table-B (PC)"
Gujarat,163,Limbayat,Surat,Surat,25,Navsari,https://www.eci.gov.in/Documents/Delimitation/DelimitationofParliamentaryAssemblyConstituenciesOrder-2008(English).pdf,"extent (2008 order): SMC wards 35, 49-52; wholly inside Surat City taluka; Census-2011 district Surat (Tapi was carved in 2007, before the census); src: DPACO-2008 Table-A (name, district) + Table-B (PC)"
Gujarat,164,Udhna,Surat,Surat,25,Navsari,https://www.eci.gov.in/Documents/Delimitation/DelimitationofParliamentaryAssemblyConstituenciesOrder-2008(English).pdf,"extent (2008 order): SMC wards 53-56, 66; wholly inside Surat City taluka; Census-2011 district Surat (Tapi was carved in 2007, before the census); src: DPACO-2008 Table-A (name, district) + Table-B (PC)"
Gujarat,165,Majura,Surat,Surat,25,Navsari,https://www.eci.gov.in/Documents/Delimitation/DelimitationofParliamentaryAssemblyConstituenciesOrder-2008(English).pdf,"extent (2008 order): SMC wards 13, 33, 34, 37, 57-62; wholly inside Surat City taluka; Census-2011 district Surat (Tapi was carved in 2007, before the census); src: DPACO-2008 Table-A (name, district) + Table-B (PC)"
Gujarat,166,Katargam,Surat,Surat,24,Surat,https://www.eci.gov.in/Documents/Delimitation/DelimitationofParliamentaryAssemblyConstituenciesOrder-2008(English).pdf,"extent (2008 order): SMC wards 38-42; wholly inside Surat City taluka; Census-2011 district Surat (Tapi was carved in 2007, before the census); src: DPACO-2008 Table-A (name, district) + Table-B (PC)"
Gujarat,167,Surat West,Surat,Surat,24,Surat,https://www.eci.gov.in/Documents/Delimitation/DelimitationofParliamentaryAssemblyConstituenciesOrder-2008(English).pdf,"extent (2008 order): SMC wards 14-27, 63-65; wholly inside Surat City taluka; Census-2011 district Surat (Tapi was carved in 2007, before the census); src: DPACO-2008 Table-A (name, district) + Table-B (PC)"
Madhya Pradesh,205,Indore-2,Indore,Indore,26,Indore,https://www.eci.gov.in/Documents/Delimitation/DelimitationofParliamentaryAssemblyConstituenciesOrder-2008(English).pdf,"extent (2008 order): Indore M.Corp wards 7-8, 10-16, 32-33; wholly inside Indore tehsil (Indore Municipal Corporation); Indore district unchanged since 2011; src: DPACO-2008 Table-A (name, district) + Table-B (PC)"
Madhya Pradesh,206,Indore-3,Indore,Indore,26,Indore,https://www.eci.gov.in/Documents/Delimitation/DelimitationofParliamentaryAssemblyConstituenciesOrder-2008(English).pdf,"extent (2008 order): Indore M.Corp wards 18, 26-30, 41-45, 57-61; wholly inside Indore tehsil (Indore Municipal Corporation); Indore district unchanged since 2011; src: DPACO-2008 Table-A (name, district) + Table-B (PC)"
Madhya Pradesh,207,Indore-4,Indore,Indore,26,Indore,https://www.eci.gov.in/Documents/Delimitation/DelimitationofParliamentaryAssemblyConstituenciesOrder-2008(English).pdf,"extent (2008 order): Indore M.Corp wards 22-23, 46-56, 66; wholly inside Indore tehsil (Indore Municipal Corporation); Indore district unchanged since 2011; src: DPACO-2008 Table-A (name, district) + Table-B (PC)"
Madhya Pradesh,208,Indore-5,Indore,Indore,26,Indore,https://www.eci.gov.in/Documents/Delimitation/DelimitationofParliamentaryAssemblyConstituenciesOrder-2008(English).pdf,"extent (2008 order): Indore M.Corp wards 9, 31, 34-40, 62-65; wholly inside Indore tehsil (Indore Municipal Corporation); Indore district unchanged since 2011; src: DPACO-2008 Table-A (name, district) + Table-B (PC)"
