arena,state,year,seat_no,seat_name,el_m,el_f,el_tg,el_total,svc,vt_m,vt_f,vt_tg,vt_postal,vt_total,poll_pct,source_file
GE,Uttar Pradesh,2024,1,Saharanpur,982473,875260,83,1857816,2506,665104,562059,12,3172,1230347,66.23,https://www.eci.gov.in/eci-backend/public/all_files/GE-2024-statistical-report/13-PC-Wise-Voters-Turn-Out.xls
GE,Uttar Pradesh,2024,2,Kairana,926748,800735,96,1727579,5147,589120,486403,14,4498,1080035,62.52,https://www.eci.gov.in/eci-backend/public/all_files/GE-2024-statistical-report/13-PC-Wise-Voters-Turn-Out.xls
GE,Uttar Pradesh,2024,3,Muzaffarnagar,974828,848746,143,1823717,6245,592311,482677,19,3908,1078915,59.16,https://www.eci.gov.in/eci-backend/public/all_files/GE-2024-statistical-report/13-PC-Wise-Voters-Turn-Out.xls
GE,Uttar Pradesh,2024,4,Bijnor,928215,814914,84,1743213,4906,553261,467609,7,3966,1024843,58.79,https://www.eci.gov.in/eci-backend/public/all_files/GE-2024-statistical-report/13-PC-Wise-Voters-Turn-Out.xls
GE,Uttar Pradesh,2024,5,Nagina (SC),874628,772622,60,1647310,2401,523848,475017,5,2629,1001499,60.80,https://www.eci.gov.in/eci-backend/public/all_files/GE-2024-statistical-report/13-PC-Wise-Voters-Turn-Out.xls
GE,Uttar Pradesh,2024,6,Moradabad,1096271,966288,83,2062642,3064,696707,584100,12,2993,1283812,62.24,https://www.eci.gov.in/eci-backend/public/all_files/GE-2024-statistical-report/13-PC-Wise-Voters-Turn-Out.xls
GE,Uttar Pradesh,2024,7,Rampur,917367,815716,160,1733243,1407,531940,435335,17,1499,968791,55.89,https://www.eci.gov.in/eci-backend/public/all_files/GE-2024-statistical-report/13-PC-Wise-Voters-Turn-Out.xls
GE,Uttar Pradesh,2024,8,Sambhal,1013828,885344,120,1899292,1090,648507,545609,19,1571,1195706,62.96,https://www.eci.gov.in/eci-backend/public/all_files/GE-2024-statistical-report/13-PC-Wise-Voters-Turn-Out.xls
GE,Uttar Pradesh,2024,9,Amroha,912369,808253,55,1720677,4036,592267,516365,3,2500,1111135,64.58,https://www.eci.gov.in/eci-backend/public/all_files/GE-2024-statistical-report/13-PC-Wise-Voters-Turn-Out.xls
GE,Uttar Pradesh,2024,10,Meerut,1080150,925379,140,2005669,5139,657046,522048,18,4344,1183456,59.01,https://www.eci.gov.in/eci-backend/public/all_files/GE-2024-statistical-report/13-PC-Wise-Voters-Turn-Out.xls
GE,Uttar Pradesh,2024,11,Baghpat,909204,755930,74,1665208,12062,527151,402018,8,5567,934744,56.13,https://www.eci.gov.in/eci-backend/public/all_files/GE-2024-statistical-report/13-PC-Wise-Voters-Turn-Out.xls
GE,Uttar Pradesh,2024,12,Ghaziabad,1626489,1322054,177,2948720,3233,826524,642068,16,2132,1470740,49.88,https://www.eci.gov.in/eci-backend/public/all_files/GE-2024-statistical-report/13-PC-Wise-Voters-Turn-Out.xls
GE,Uttar Pradesh,2024,13,Gautam Buddha Nagar,1456806,1224557,119,2681482,6334,799309,635416,11,5324,1440060,53.70,https://www.eci.gov.in/eci-backend/public/all_files/GE-2024-statistical-report/13-PC-Wise-Voters-Turn-Out.xls
GE,Uttar Pradesh,2024,14,Bulandshahr (SC),983523,884409,49,1867981,8519,554954,494360,11,7032,1056357,56.55,https://www.eci.gov.in/eci-backend/public/all_files/GE-2024-statistical-report/13-PC-Wise-Voters-Turn-Out.xls
GE,Uttar Pradesh,2024,15,Aligarh,1067878,934878,112,2002868,5634,621163,515752,31,2476,1139422,56.89,https://www.eci.gov.in/eci-backend/public/all_files/GE-2024-statistical-report/13-PC-Wise-Voters-Turn-Out.xls
GE,Uttar Pradesh,2024,16,Hathras (SC),1046446,899644,48,1946138,8058,585840,493645,10,3951,1083446,55.67,https://www.eci.gov.in/eci-backend/public/all_files/GE-2024-statistical-report/13-PC-Wise-Voters-Turn-Out.xls
GE,Uttar Pradesh,2024,17,Mathura,1041684,897381,65,1939130,9580,539960,413557,5,3941,957463,49.38,https://www.eci.gov.in/eci-backend/public/all_files/GE-2024-statistical-report/13-PC-Wise-Voters-Turn-Out.xls
GE,Uttar Pradesh,2024,18,Agra (SC),1121996,953720,105,2075821,3136,631070,488586,10,5710,1125376,54.21,https://www.eci.gov.in/eci-backend/public/all_files/GE-2024-statistical-report/13-PC-Wise-Voters-Turn-Out.xls
GE,Uttar Pradesh,2024,19,Fatehpur Sikri,980568,826695,51,1807314,8491,574200,454705,4,5729,1034638,57.25,https://www.eci.gov.in/eci-backend/public/all_files/GE-2024-statistical-report/13-PC-Wise-Voters-Turn-Out.xls
GE,Uttar Pradesh,2024,20,Firozabad,1016945,879014,93,1896052,5280,609973,496403,12,2347,1108735,58.48,https://www.eci.gov.in/eci-backend/public/all_files/GE-2024-statistical-report/13-PC-Wise-Voters-Turn-Out.xls
GE,Uttar Pradesh,2024,21,Mainpuri,970043,827969,39,1798051,7254,580786,470958,14,4434,1056192,58.74,https://www.eci.gov.in/eci-backend/public/all_files/GE-2024-statistical-report/13-PC-Wise-Voters-Turn-Out.xls
GE,Uttar Pradesh,2024,22,Etah,908929,794950,56,1703935,3411,539178,469347,8,3087,1011620,59.37,https://www.eci.gov.in/eci-backend/public/all_files/GE-2024-statistical-report/13-PC-Wise-Voters-Turn-Out.xls
GE,Uttar Pradesh,2024,23,Badaun,1076645,933547,112,2010304,1546,595182,496750,20,1598,1093550,54.40,https://www.eci.gov.in/eci-backend/public/all_files/GE-2024-statistical-report/13-PC-Wise-Voters-Turn-Out.xls
GE,Uttar Pradesh,2024,24,Aonla,1018787,874788,47,1893622,1909,597123,489601,9,3329,1090062,57.56,https://www.eci.gov.in/eci-backend/public/all_files/GE-2024-statistical-report/13-PC-Wise-Voters-Turn-Out.xls
GE,Uttar Pradesh,2024,25,Bareilly,1030757,895334,76,1926167,1733,611441,505420,15,3429,1120305,58.16,https://www.eci.gov.in/eci-backend/public/all_files/GE-2024-statistical-report/13-PC-Wise-Voters-Turn-Out.xls
GE,Uttar Pradesh,2024,26,Pilibhit,980734,853187,40,1833961,2262,633693,522269,5,5268,1161235,63.32,https://www.eci.gov.in/eci-backend/public/all_files/GE-2024-statistical-report/13-PC-Wise-Voters-Turn-Out.xls
GE,Uttar Pradesh,2024,27,Shahjahanpur (SC),1252608,1080385,150,2333143,1309,695118,548458,9,5162,1248747,53.52,https://www.eci.gov.in/eci-backend/public/all_files/GE-2024-statistical-report/13-PC-Wise-Voters-Turn-Out.xls
GE,Uttar Pradesh,2024,28,Kheri,992805,878377,42,1871224,1054,655108,554689,13,3733,1213543,64.85,https://www.eci.gov.in/eci-backend/public/all_files/GE-2024-statistical-report/13-PC-Wise-Voters-Turn-Out.xls
GE,Uttar Pradesh,2024,29,Dhaurahra,917737,802163,79,1719979,634,611152,498328,12,2576,1112068,64.66,https://www.eci.gov.in/eci-backend/public/all_files/GE-2024-statistical-report/13-PC-Wise-Voters-Turn-Out.xls
GE,Uttar Pradesh,2024,30,Sitapur,936435,823871,61,1760367,424,605640,495562,61,1462,1102725,62.64,https://www.eci.gov.in/eci-backend/public/all_files/GE-2024-statistical-report/13-PC-Wise-Voters-Turn-Out.xls
GE,Uttar Pradesh,2024,31,Hardoi (SC),1002277,909448,54,1911779,1294,593056,505827,9,3178,1102070,57.65,https://www.eci.gov.in/eci-backend/public/all_files/GE-2024-statistical-report/13-PC-Wise-Voters-Turn-Out.xls
GE,Uttar Pradesh,2024,32,Misrikh (SC),995481,884268,49,1879798,1603,575405,474137,9,3207,1052758,56.00,https://www.eci.gov.in/eci-backend/public/all_files/GE-2024-statistical-report/13-PC-Wise-Voters-Turn-Out.xls
GE,Uttar Pradesh,2024,33,Unnao,1247626,1097125,92,2344843,3103,693701,604860,9,4981,1303551,55.59,https://www.eci.gov.in/eci-backend/public/all_files/GE-2024-statistical-report/13-PC-Wise-Voters-Turn-Out.xls
GE,Uttar Pradesh,2024,34,Mohanlalganj (SC),1163143,1026653,70,2189866,2634,755975,619888,10,3485,1379358,62.99,https://www.eci.gov.in/eci-backend/public/all_files/GE-2024-statistical-report/13-PC-Wise-Voters-Turn-Out.xls
GE,Uttar Pradesh,2024,35,Lucknow,1149665,1024196,92,2173953,1782,621389,514344,22,4467,1140222,52.45,https://www.eci.gov.in/eci-backend/public/all_files/GE-2024-statistical-report/13-PC-Wise-Voters-Turn-Out.xls
GE,Uttar Pradesh,2024,36,Rae Bareli,935629,853066,36,1788731,4417,512992,523644,8,3307,1039951,58.14,https://www.eci.gov.in/eci-backend/public/all_files/GE-2024-statistical-report/13-PC-Wise-Voters-Turn-Out.xls
GE,Uttar Pradesh,2024,37,Amethi,945042,853589,84,1798715,2617,483495,493181,3,4204,980883,54.53,https://www.eci.gov.in/eci-backend/public/all_files/GE-2024-statistical-report/13-PC-Wise-Voters-Turn-Out.xls
GE,Uttar Pradesh,2024,38,Sultanpur,967264,888289,49,1855602,3012,507220,522956,3,3952,1034131,55.73,https://www.eci.gov.in/eci-backend/public/all_files/GE-2024-statistical-report/13-PC-Wise-Voters-Turn-Out.xls
GE,Uttar Pradesh,2024,39,Pratapgarh,973291,863452,5,1836748,3436,466904,476399,1,4082,947386,51.58,https://www.eci.gov.in/eci-backend/public/all_files/GE-2024-statistical-report/13-PC-Wise-Voters-Turn-Out.xls
GE,Uttar Pradesh,2024,40,Farrukhabad,944124,807816,45,1751985,4803,565161,466965,8,2910,1035044,59.08,https://www.eci.gov.in/eci-backend/public/all_files/GE-2024-statistical-report/13-PC-Wise-Voters-Turn-Out.xls
GE,Uttar Pradesh,2024,41,Etawah (SC),990084,844373,32,1834489,5991,559713,470902,6,3533,1034154,56.37,https://www.eci.gov.in/eci-backend/public/all_files/GE-2024-statistical-report/13-PC-Wise-Voters-Turn-Out.xls
GE,Uttar Pradesh,2024,42,Kannauj,1069348,924173,95,1993616,4691,656457,558606,18,3890,1218971,61.14,https://www.eci.gov.in/eci-backend/public/all_files/GE-2024-statistical-report/13-PC-Wise-Voters-Turn-Out.xls
GE,Uttar Pradesh,2024,43,Kanpur,887676,776996,122,1664794,1935,486307,395721,14,5906,887948,53.34,https://www.eci.gov.in/eci-backend/public/all_files/GE-2024-statistical-report/13-PC-Wise-Voters-Turn-Out.xls
GE,Uttar Pradesh,2024,44,Akbarpur,1008315,867518,79,1875912,6745,601385,478412,21,8171,1087989,58.00,https://www.eci.gov.in/eci-backend/public/all_files/GE-2024-statistical-report/13-PC-Wise-Voters-Turn-Out.xls
GE,Uttar Pradesh,2024,45,Jalaun (SC),1079605,930872,106,2010583,4422,623144,503811,11,2242,1129208,56.16,https://www.eci.gov.in/eci-backend/public/all_files/GE-2024-statistical-report/13-PC-Wise-Voters-Turn-Out.xls
GE,Uttar Pradesh,2024,46,Jhansi,1138635,1023661,108,2162404,1183,745347,634091,26,1912,1381376,63.88,https://www.eci.gov.in/eci-backend/public/all_files/GE-2024-statistical-report/13-PC-Wise-Voters-Turn-Out.xls
GE,Uttar Pradesh,2024,47,Hamirpur,995945,845620,39,1841604,1843,604823,510175,15,1895,1116908,60.65,https://www.eci.gov.in/eci-backend/public/all_files/GE-2024-statistical-report/13-PC-Wise-Voters-Turn-Out.xls
GE,Uttar Pradesh,2024,48,Banda,944968,804025,41,1749034,1609,547212,496157,9,1523,1044901,59.74,https://www.eci.gov.in/eci-backend/public/all_files/GE-2024-statistical-report/13-PC-Wise-Voters-Turn-Out.xls
GE,Uttar Pradesh,2024,49,Fatehpur,1044232,898315,50,1942597,4034,578489,529242,10,1618,1109359,57.11,https://www.eci.gov.in/eci-backend/public/all_files/GE-2024-statistical-report/13-PC-Wise-Voters-Turn-Out.xls
GE,Uttar Pradesh,2024,50,Kaushambi (SC),1015692,896678,166,1912536,2916,510636,497285,6,2182,1010109,52.82,https://www.eci.gov.in/eci-backend/public/all_files/GE-2024-statistical-report/13-PC-Wise-Voters-Turn-Out.xls
GE,Uttar Pradesh,2024,51,Phulpur,1126265,945075,196,2071536,4493,553843,457779,5,3405,1015032,49.00,https://www.eci.gov.in/eci-backend/public/all_files/GE-2024-statistical-report/13-PC-Wise-Voters-Turn-Out.xls
GE,Uttar Pradesh,2024,52,Allahabad,990680,837241,238,1828159,2429,510137,435947,5,2167,948256,51.87,https://www.eci.gov.in/eci-backend/public/all_files/GE-2024-statistical-report/13-PC-Wise-Voters-Turn-Out.xls
GE,Uttar Pradesh,2024,53,Barabanki (SC),1014928,904279,75,1919282,791,693513,594850,18,2582,1290963,67.26,https://www.eci.gov.in/eci-backend/public/all_files/GE-2024-statistical-report/13-PC-Wise-Voters-Turn-Out.xls
GE,Uttar Pradesh,2024,54,Faizabad,1008401,920916,82,1929399,1940,584095,555571,16,2007,1141689,59.17,https://www.eci.gov.in/eci-backend/public/all_files/GE-2024-statistical-report/13-PC-Wise-Voters-Turn-Out.xls
GE,Uttar Pradesh,2024,55,Ambedkar Nagar,998212,915511,33,1913756,2459,587381,589601,5,3021,1180008,61.66,https://www.eci.gov.in/eci-backend/public/all_files/GE-2024-statistical-report/13-PC-Wise-Voters-Turn-Out.xls
GE,Uttar Pradesh,2024,56,Baharaich (SC),969904,869325,52,1839281,597,548281,507889,9,414,1056593,57.45,https://www.eci.gov.in/eci-backend/public/all_files/GE-2024-statistical-report/13-PC-Wise-Voters-Turn-Out.xls
GE,Uttar Pradesh,2024,57,Kaiserganj,1010645,895325,62,1906032,1306,545142,515624,1,1538,1062305,55.73,https://www.eci.gov.in/eci-backend/public/all_files/GE-2024-statistical-report/13-PC-Wise-Voters-Turn-Out.xls
GE,Uttar Pradesh,2024,58,Shrawasti,1059012,921677,54,1980743,362,546446,499543,13,631,1046633,52.84,https://www.eci.gov.in/eci-backend/public/all_files/GE-2024-statistical-report/13-PC-Wise-Voters-Turn-Out.xls
GE,Uttar Pradesh,2024,59,Gonda,989112,854692,69,1843873,752,491158,460431,3,1710,953302,51.70,https://www.eci.gov.in/eci-backend/public/all_files/GE-2024-statistical-report/13-PC-Wise-Voters-Turn-Out.xls
GE,Uttar Pradesh,2024,60,Domariyaganj,1045433,916631,141,1962205,360,492721,526870,5,2989,1022585,52.11,https://www.eci.gov.in/eci-backend/public/all_files/GE-2024-statistical-report/13-PC-Wise-Voters-Turn-Out.xls
GE,Uttar Pradesh,2024,61,Basti,1013751,890995,97,1904843,1945,539296,539161,11,6309,1084777,56.95,https://www.eci.gov.in/eci-backend/public/all_files/GE-2024-statistical-report/13-PC-Wise-Voters-Turn-Out.xls
GE,Uttar Pradesh,2024,62,Sant Kabir Nagar,1107305,968701,44,2076050,4086,531893,556856,1,3442,1092192,52.61,https://www.eci.gov.in/eci-backend/public/all_files/GE-2024-statistical-report/13-PC-Wise-Voters-Turn-Out.xls
GE,Uttar Pradesh,2024,63,Maharajganj,1058514,948475,76,2007065,3015,575078,633635,9,1782,1210504,60.31,https://www.eci.gov.in/eci-backend/public/all_files/GE-2024-statistical-report/13-PC-Wise-Voters-Turn-Out.xls
GE,Uttar Pradesh,2024,64,Gorakhpur,1128197,973375,174,2101746,4544,597330,554034,20,3590,1154974,54.95,https://www.eci.gov.in/eci-backend/public/all_files/GE-2024-statistical-report/13-PC-Wise-Voters-Turn-Out.xls
GE,Uttar Pradesh,2024,65,Kushi Nagar,987072,889794,96,1876962,1740,511471,568231,8,1000,1080710,57.58,https://www.eci.gov.in/eci-backend/public/all_files/GE-2024-statistical-report/13-PC-Wise-Voters-Turn-Out.xls
GE,Uttar Pradesh,2024,66,Deoria,994633,882485,109,1877227,3406,493288,547078,15,3359,1043740,55.60,https://www.eci.gov.in/eci-backend/public/all_files/GE-2024-statistical-report/13-PC-Wise-Voters-Turn-Out.xls
GE,Uttar Pradesh,2024,67,Bansgaon (SC),972958,852666,87,1825711,4857,449964,492240,5,3651,945860,51.81,https://www.eci.gov.in/eci-backend/public/all_files/GE-2024-statistical-report/13-PC-Wise-Voters-Turn-Out.xls
GE,Uttar Pradesh,2024,68,Lalganj (SC),964019,877066,25,1841110,2228,479070,520363,1,4718,1004152,54.54,https://www.eci.gov.in/eci-backend/public/all_files/GE-2024-statistical-report/13-PC-Wise-Voters-Turn-Out.xls
GE,Uttar Pradesh,2024,69,Azamgarh,992507,879396,43,1871946,3781,520964,527978,6,6166,1055114,56.36,https://www.eci.gov.in/eci-backend/public/all_files/GE-2024-statistical-report/13-PC-Wise-Voters-Turn-Out.xls
GE,Uttar Pradesh,2024,70,Ghosi,1110047,980515,75,2090637,6709,580999,566439,23,3281,1150742,55.04,https://www.eci.gov.in/eci-backend/public/all_files/GE-2024-statistical-report/13-PC-Wise-Voters-Turn-Out.xls
GE,Uttar Pradesh,2024,71,Salempur,952664,831681,67,1784412,7430,447973,465725,3,3921,917622,51.42,https://www.eci.gov.in/eci-backend/public/all_files/GE-2024-statistical-report/13-PC-Wise-Voters-Turn-Out.xls
GE,Uttar Pradesh,2024,72,Ballia,1045689,891243,63,1936995,13350,520203,481764,1,5758,1007726,52.03,https://www.eci.gov.in/eci-backend/public/all_files/GE-2024-statistical-report/13-PC-Wise-Voters-Turn-Out.xls
GE,Uttar Pradesh,2024,73,Jaunpur,1027947,950966,91,1979004,1767,545616,553596,5,5659,1104876,55.83,https://www.eci.gov.in/eci-backend/public/all_files/GE-2024-statistical-report/13-PC-Wise-Voters-Turn-Out.xls
GE,Uttar Pradesh,2024,74,Machhlishahr (SC),1019559,924135,69,1943763,3158,523583,534822,1,3665,1062071,54.64,https://www.eci.gov.in/eci-backend/public/all_files/GE-2024-statistical-report/13-PC-Wise-Voters-Turn-Out.xls
GE,Uttar Pradesh,2024,75,Ghazipur,1104931,983680,25,2088636,13753,585180,565077,0,4581,1154838,55.29,https://www.eci.gov.in/eci-backend/public/all_files/GE-2024-statistical-report/13-PC-Wise-Voters-Turn-Out.xls
GE,Uttar Pradesh,2024,76,Chandauli,994784,855713,50,1850547,7351,605206,511269,7,3356,1119838,60.51,https://www.eci.gov.in/eci-backend/public/all_files/GE-2024-statistical-report/13-PC-Wise-Voters-Turn-Out.xls
GE,Uttar Pradesh,2024,77,Varanasi,1085928,913797,136,1999861,2283,636471,492018,14,3315,1131818,56.59,https://www.eci.gov.in/eci-backend/public/all_files/GE-2024-statistical-report/13-PC-Wise-Voters-Turn-Out.xls
GE,Uttar Pradesh,2024,78,Bhadohi,1079362,960408,171,2039941,2016,548519,533172,6,4045,1085742,53.22,https://www.eci.gov.in/eci-backend/public/all_files/GE-2024-statistical-report/13-PC-Wise-Voters-Turn-Out.xls
GE,Uttar Pradesh,2024,79,Mirzapur,1002577,906802,69,1909448,3121,579819,524075,6,1545,1105445,57.89,https://www.eci.gov.in/eci-backend/public/all_files/GE-2024-statistical-report/13-PC-Wise-Voters-Turn-Out.xls
GE,Uttar Pradesh,2024,80,Robertsganj (SC),943390,837307,31,1780728,1539,533979,476113,5,1495,1011592,56.81,https://www.eci.gov.in/eci-backend/public/all_files/GE-2024-statistical-report/13-PC-Wise-Voters-Turn-Out.xls
