id,section,check,compared_against,expected,observed,result,note
V01,V,Independent re-hash: 12 CSV + 12 .7z vs saved GitHub digest; archive content vs CSV; persisted ../lgd/ copies,option2/lgd/rel_latest.json (GitHub API response saved 2026-09-29) + live GitHub API 2026-10-01 + 7-Zip extraction,12/12 equal,12/12 equal; 12/12 extracted CSVs identical; 12/12 ../lgd/ copies identical,PASS,"By 2026-10-01 9 of the 12 assets (all except urban_local_bodies, urban_local_body_wards, villages) are GONE from lgd-latest and from lgd-latest-extra1 (paged assets endpoint). For those 9 the digest check rests on the saved 2026-09-29 API response; the 3 still live carry the same digest. ../lgd/ is gitignored, so it is the only surviving copy outside the scratchpad - back it up."
V02,V,Independent re-read of licence and terms,"saved lgd_copyRightPolicy.html (sha256 b5191333...), lgd_termsconditions.html (a661484c...); raw.githubusercontent.com UNLICENSE, lgd/README.md, indianopenmaps DATA_LICENSE.md; GitHub repo API; lgdirectory.gov.in/robots.txt",quotes and licence statements as in PROVENANCE sections 1-2,"all quotes verbatim; UNLICENSE, README and DATA_LICENSE byte-identical to evidence/; repo licence NOASSERTION; robots.txt 404; no mention of robots/crawl/scrape/automated/captcha/bulk on either LGD page",PASS,
V03,V,Independent recount of mirror entities vs LGD home page,saved home page 2026-09-29 + live home page fetched by the verifier 2026-10-01,"36 / 784 / 7,092 / 677,663 / 5,051 / 4,116 / 543","all equal; live page now shows 677,673 villages",PASS,state dropdowns on the 3 official forms: 36/36 code+name; the forms carry captchaAnswer and no data rows
V04,V,Independent recompute of internal checks I01-I11,raw constituency_coverage.csv,as reported,"dups 9,714; ward codes missing 358; SD fully covered by 2 ACs 0; village under 2 ACs 0; village-vs-full-SD conflicts 2,684 villages in 99 SDs, 3,915,318 people",PASS,"Order spot checks of other conflict SDs support ""village row wins"": Weir tehsil is whole in 75 Weir (l.26325-26326) but LGD marks it Fully Covered by Bayana; Khilchipur and Sihawal tehsils are split by the Order (l.17560-17566, l.16976-16984) and LGD lists the carved-out villages explicitly."
V05,V,"Independent recompute of Census checks from the official xlsx (read with calamine, not the earlier parquet)",2011-IndiaStateDistSbDistVill-0000.xlsx sha256 2a6ffc68... (= manifest); town xlsx da487f7a...,"C03 636,246 / C04 4,703 & 4,694 / C05 4,521 / C07 99.854% / C08 96.914% / C09 3,859, 3,747, 93.9%","C03 636,246 (99.27%, pop 99.66%); C04 4,703 & 4,694; C05 4,521; C07 99.854%; C08 96.913%; C09 3,859 / 3,747 (97.1%) / 93.9%; names exact 93.44% with letters-only normalisation (93.73% reported; method-dependent)",PASS,"Zero-padding hazard confirmed: LGD Census-2011 codes join to only 537,163 villages as stored and to 636,277 after zfill(6). The xlsx also stores 12 West Bengal village codes as floats (e.g. 306416.0); the earlier parse handles both."
V06,V,C10 recomputed: rural population placed in exactly one AC,"Census 2011 village PCA (all 640,949 rows, part-villages summed)","814,497,671 (as first reported)","814,569,740 of 833,748,852 (97.70%)",FIXED,"The earlier figure used drop_duplicates on the Census code, which dropped the second part of 17 split villages (72,069 people), so its categories did not add up to the rural total. validate_mirror.py now sums the parts. Note: ""in LGD but no AC"" (1.48%) includes UTs with no assembly (A&N ~0.24M, Ladakh ~0.21M, DNHDD ~0.23M) and all Delhi villages (~0.38M)."
V07,V,District rows marked 'Fully Covered',raw constituency_coverage.csv + Delimitation Order 2008,each = a district that is exactly one AC,"14 rows (AC not 0, deduplicated); 3 wrong: Shahid Bhagat Singh Nagar -> Anandpur Sahib, Mumbai -> Malabar Hill, Kolkata -> Kolkata Port; Chandigarh is a UT with no assembly",FAIL,"SBS Nagar = 46 Banga, 47 Nawan Shahr, 48 Balachaur (Order l.25342-25359); 472 villages (486,894 people) reach an AC only through this row, so the build rule ""fall back to a Fully Covered District"" puts them all in Anandpur Sahib. Mumbai City = 10 ACs, Kolkata = 11 ACs (Order l.41638 onward)."
V08,V,Independent national check: share of each LGD AC's 2011 village population inside the 2008 Order district(s) for that AC,app tools/sources/census2011/ac_district_2008/*_acs.csv + *_districts.csv (official schedules: AC -> 2008 district -> 2011 codes),>=80% for every AC except legitimate cross-district extents,"3,418 ACs with village population (Assam, J&K excluded); 41 below 80%; 13 hand-confirmed LGD errors not in the sampled findings; 22 not reviewed",FAIL,"evidence/verifier_ac_vs_order_district.csv lists all 41 with verdicts. Confirmed misplacement here is ~2.0 M rural people, more than all errors in section 3d combined."
V09,V,"confirmed LGD error found by the verifier (outside the samples): UP Mohammadabad (Ghazipur, 378)",ECI Delimitation Order 2008 text,as in the Order,"Muhammadabad Gohna tehsil (Mau, 407,950) 'Fully Covered' by Mohammadabad",FAIL,Order l.39232-39234: 355 Muhammadabad-Gohna (SC) = Muhammadabad Gohna Tehsil. Homonym.
V10,V,"confirmed LGD error found by the verifier (outside the samples): UP Fatehpur (Fatehpur, 240)",ECI Delimitation Order 2008 text,as in the Order,"Fatehabad tehsil (Agra, 404,170) 'Fully Covered' by Fatehpur",FAIL,Order l.37501-37503: 93 Fatehabad = Fatehabad Tehsil.
V11,V,"confirmed LGD error found by the verifier (outside the samples): WB Bishnupur (Bankura, 255)",ECI Delimitation Order 2008 text,as in the Order,"CDB Bishnupur-I (South 24 Parganas, 204,385) 'Fully Covered' by the Bankura Bishnupur",FAIL,"Order l.41566: 146 BISHNUPUR (SC) = CDB Bishnupur-I + GPs. Homonym: order_check.py rated this ""named whole"" (fuzzy 0.90), a false pass, so check A cannot see homonyms."
V12,V,"confirmed LGD error found by the verifier (outside the samples): Punjab Shahkot (Jalandhar, 32)",ECI Delimitation Order 2008 text,as in the Order,"Kapurthala tehsil (220,052) 'Fully Covered' by Shahkot",FAIL,"Order l.25189-25213: Kapurthala tehsil is split among 26 Bholath, 27 Kapurthala, 28 Sultanpur Lodhi."
V13,V,"confirmed LGD error found by the verifier (outside the samples): Punjab Kartarpur (Jalandhar, 33)",ECI Delimitation Order 2008 text,as in the Order,"Sultanpur Lodhi tehsil villages (104,527) listed under Kartarpur",FAIL,Order l.25203-25204: 28 Sultanpur Lodhi = Sultanpur Lodhi Tehsil.
V14,V,"confirmed LGD error found by the verifier (outside the samples): Punjab, Anandpur Sahib PC (ACs 45-53)",ECI Delimitation Order 2008 text,as in the Order,"Garhshankar, Balachaur, Nawan Shahr, Rajpura hold only Rupnagar-district villages; Banga holds none; Anandpur Sahib holds all of SBS Nagar",FAIL,Order l.25336-25359: Garhshankar = KCs of Garhshankar tehsil (Hoshiarpur); Banga/Nawan Shahr/Balachaur = SBS Nagar tehsils. The LGD AC mapping for this PC is unusable.
V15,V,confirmed LGD error found by the verifier (outside the samples): Gujarat Kankrej (15),ECI Delimitation Order 2008 text,as in the Order,"Santalpur taluka villages (Patan, 127,557) listed under Kankrej",FAIL,Order l.9064-9066: 16 Radhanpur = Radhanpur Taluka + Santalpur Taluka (all but Kesargadh).
V16,V,confirmed LGD error found by the verifier (outside the samples): Himachal Hamirpur (38),ECI Delimitation Order 2008 text,as in the Order,"Bangana tehsil villages (Una, 29,521) listed under Hamirpur",FAIL,Order l.12092-12095: 38 Hamirpur = KCs of Hamirpur Tehsil only.
V17,V,confirmed LGD error found by the verifier (outside the samples): Kerala Elathur (Kozhikode),ECI Delimitation Order 2008 text,as in the Order,"Kozhenchery taluk villages (Pathanamthitta, 15,344) listed under Elathur",FAIL,Order l.16073-16076: the Elanthoor and Kozhenchery panchayats are in 113 Aranmula. Homonym.
V18,V,"Independent ECI-number check, all states","ac_district_2008/*_acs.csv official AC lists (28 states, 2,795 LGD ACs with an ECI number; Assam and J&K excluded)",all agree,"all but 10 agree on name; of the 10, Fatwah/Fatuha and Gulbarga->Kalaburagi x3 are spellings and Durg-nagar is a misname; wrong numbers: Dabwali 42 (43), Baharagora 41 (44), Mehkar 5 (25), Chanditala 195 (194), Mummidivaram (AP) 62 (162)",FAIL,"Corrects E: ""Durg-nagar 65"" is not a wrong number (see the Durg-nagar E row). Mummidivaram was missed because the earlier check skipped Andhra Pradesh."
V19,V,"30 random Census-2011 villages (seed 20261001; states on the 2008 Order) -> LGD AC, each read against the Order text",ECI Delimitation Order 2008 text,30/30 consistent,"27 consistent, 1 plausible (Udhwa block not named; carved from Rajmahal PS), 2 wrong (both Punjab: Dhaloh (347) -> Garhshankar, Raju Majra (383) -> Anandpur Sahib)",FLAG,"evidence/verifier_random30_pairings.csv. 2/30 = 6.7% (Wilson 95% CI 1.8%-21%), the same order as the 4.5% wrong-FC rate in D."
V20,V,10 random constituency_coverage rows and 10 random D-detail PASS rows re-derived,"raw CSVs, master files, Order text, Census 2011 xlsx",10/10 and 10/10,"10/10 rows equal their master names (and 100% of 442,599 village rows and all SubDistrict rows match by name and state); 10/10 D-detail verdicts reproduced",PASS,"re-derived B shares on Census-2011 sub-districts differ slightly (Naxalbari 0.958, Gulana 0.994, Pusad 0.992 vs 1.0 reported) because the earlier pass used LGD sub-districts; every verdict still holds (>=95%)."
