n,name,extent,class
1,Sujanpur,"Dhar Kalan Tehsil; KCs Manwal, Sujanpur & Sujanpur (MCI) of Pathankot Tehsil.",B_sub_tehsil_units(GP/village/circle/KC/PC/mouza)
2,Bhoa (SC),"PCs Kanwan, Jangal, Jakrawar, Gharota Kalan, Gharota Khurd, Farida Nagar, Najo Chak, Malikpur, Sarna of Kanwan KC; KCs Bhoa, Taragarh, Narot Jaimal Singh & Bamial of Pathankot Tehsil.",B_sub_tehsil_units(GP/village/circle/KC/PC/mouza)
3,Pathankot,PC Naushera-Nalbandan of Kanwan KC; KC Pathankot & Pathankot (MCl+OG) of Pathankot Tehsil.,B_sub_tehsil_units(GP/village/circle/KC/PC/mouza)
4,Gurdaspur,"KCs Gurdaspur, Jaura Chhatran, Tibbar & Gurdaspur (MCl+OG) of Gurdaspur Tehsil.",B_sub_tehsil_units(GP/village/circle/KC/PC/mouza)
5,Dina Nagar (SC),"KCs Paniar, Behrampur, Dorangla, Dina Nagar, Talabpur, PCs Chhawla, Jagatpur Kalan, Jagatpur Khurd, Saidowal Kalan, Chhina Bet, Dauwal of Chhawla KC & Dinanagar (MCl) of Gurdaspur Tehsil.",B_sub_tehsil_units(GP/village/circle/KC/PC/mouza)
6,Qadian,"Dhariwal KC; PCs Dehriwal, Sidhwan, Chhina Ret Wala, Dhariwal Kalan, Pasnawala of Dehriwal KC; KCs Kahnuwan, Chack Sharif, Kot Todar Mall, PCs Bhaini Paswal, Darapur, Gunopur of Chhawla KC & Dhariwal (MCl) of Gurdaspur Tehsil; PCs Qadian, Basrai, Kahalwan of Qadian KC; Qadian (MCl+OG) of Batala Tehsil.",B_sub_tehsil_units(GP/village/circle/KC/PC/mouza)
7,Batala,"PCs Kotli Bhan Singh, Dewaniwal, Masanian of Faijpur KC; PCs Dunia Sandhu, Dalla, Rasulpur, Loh Chap, Talwandi Jhunglan, Wadala Garanthian, Rampur of Qadian KC, Batala (MCl+OG) of Batala Tehsil; PCs Naushehra Majha Singh, Satkoha, Kaler Kalan, Kaler Khurd, Suchetgarh of Naushehra Majha Singh KC; PCs Khan Piara, Shekhwan, Tatley & Buttar Kalan of Dehriwal KC of Gurdaspur Tehsil.",B_sub_tehsil_units(GP/village/circle/KC/PC/mouza)
8,Sri Hargobindpur (SC),"KCs Batala (Sharki), Harpura, Harchowal, Sri Hargobindpur, Chone, Ghuman & Sri Hargobindpur (MCl) of Batala Tehsil.",B_sub_tehsil_units(GP/village/circle/KC/PC/mouza)
9,Fatehgarh Churian,"PCs Faijpur, Bhagowal, Udhowal, Dialgarh, Taragarh, Bhullar, Jaura Singh of Faijpur KC; KCs Batala (Garbi), Kashtiwal, Fatehgarh Churian, Kala Afgana & Fatehgarh Churian (MCl) of Batala Tehsil.",B_sub_tehsil_units(GP/village/circle/KC/PC/mouza)
10,Dera Baba Nanak,"Dera Baba Nanak Tehsil; PCs Ghuman Kalan, Ghuman Khurd, Gaju Gazi, Rajuwal, Suchanian of Naushehra Majha Singh KC; KCs Kalanaur (North), Kalanaur (South) & Kalanaur (NP) of Gurdaspur Tehsil.",B_sub_tehsil_units(GP/village/circle/KC/PC/mouza)
11,Ajnala,"KCs Ramdas, Thoba, Sarangdev, Chamiari, Ajnala, Guru Ka Bagh, Ramdas (MCl) & Ajnala (NP) of Ajnala Tehsil.",B_sub_tehsil_units(GP/village/circle/KC/PC/mouza)
12,Raja Sansi,"KCs Jassrauor, Jastarwal, Raja Sansi, Kakkar, Chogawan, Lopoke & Raja Sansi (NP) of Ajnala Tehsil.",B_sub_tehsil_units(GP/village/circle/KC/PC/mouza)
13,Majitha,"Mattewal KC of Baba Bakala Tehsil; KCs Majitha, Kathu Nangal, Pakharpura & Majitha (MCl) of Amritsar-I Tehsil.",B_sub_tehsil_units(GP/village/circle/KC/PC/mouza)
14,Jandiala (SC),"KCs Mehta, Tarsikka of Baba Bakala Tehsil; KCs Jandiala, Nawan Pind & Jandiala Guru (MCl) of Amritsar-I Tehsil.",B_sub_tehsil_units(GP/village/circle/KC/PC/mouza)
15,Amritsar North,"Ward Nos. 42 to 44, 47, 48 to 50 & 52 to 55 in Amritsar (M Corp.) & Gumtala Colony on Jagdev Kalan Road (OG) - Ward No.67, Mata Kamla Devi Avenue on Fatehgarh Churian Road (OG) - Ward No.69, Chand Avenue (OG) - Ward No.70, Mohan Avenue (OG) - Ward No.71, Preet Nagar (OG) - Ward No.72, Daya Nand Nagar (OG) - Ward No.73, Baba Deep Singh Nagar (OG) - Ward No.74, Dashmesh Avenue on Majitha Road (OG) - Ward No.75, Naushera Khurd (OG) - Ward No.76, Parti Vihar (OG) - Ward No.77, Ek Rup Avenue (OG) - Ward No.78, Abadi Naushera (OG) - Ward No.79, Silver Estate (OG) - Ward No.80, Krishna Lane (OG) - Ward No.81 in Amritsar (M Corp+OG) of Amritsar-II Tehsil & Ward No. 45 in Amritsar (M Corp.) of Amritsar-I Tehsil.",C_ward_or_EB_level
16,Amritsar West (SC),"Amritsar Cantt. (CB), Ward Nos. 31, 32, 40, 41 in Amritsar (M Corp.) of Amritsar-I & II Tehsil & Ward Nos. 33 to 39 in Amritsar (M Corp.), Abadi Baba Darshan Singh on Ram Tirath Road (OG) - Ward No. 61, Abadi Baba Jiwan Singh on Ram Tirath Road (OG) - Ward No.62, Abadi along Khairabad on Ram Tirath Road to Ajnala Road (OG) - Ward No.63, Village Roriwala (OG) - Ward No.64, Prem Nagar on Ajnala Road (OG) - Ward No. 65, Abadi Mirankot on Ajnala Road (OG) - Ward No.66, Ranjit Vihar (OG) - Ward No. 68, Basarke Bhaini (Attari Road) (OG) - Ward No. 89, Village Gumanpura (OG)-Ward No. 90 (Part of PC Gumanpura of KC Khasa) in Amritsar (M Corp+OG) of Amritsar-II Tehsil.",C_ward_or_EB_level
17,Amritsar Central,"Ward Nos. 1 to 8, 26 to 29 in Amritsar (M Corp.) & KC Amritsar-I of Amritsar-I Tehsil; Ward Nos. 25, 30, Village Kuriwal (OG) - Ward No. 87, Thandewala (OG)-Ward No. 88 (Part of PC Khaper Kheri of KC Wadala Bhittewad) in Amritsar (M Corp+OG) of Amritsar-I & II Tehsil.",C_ward_or_EB_level
18,Amritsar East,"Ward Nos. 14 to 17, 46, 60 in Amritsar (M Corp.) of Amritsar-I Tehsil & Ward Nos. 51, 56, 58, 59 in Amritsar (M Corp.) of Amritsar-II Tehsil & Ward Nos. 57, Village Mudhal (OG) - Ward No. 82 (Part of PC Mudhal of KC Verka) in Amritsar (M Corp+OG) of Amritsar- I & II Tehsil.",C_ward_or_EB_level
19,Amritsar South,"Ward Nos. 9 to 13, 18 to 24 in Amritsar (M Corp.) of Amritsar-I Tehsil & Factories on right side of Doburjee G.T. Road (OG) - Ward No. 84, Abadi Khalsa Nagar Near Kot Mit Singh (OG) - Ward No. 85 in Amritsar (M Corp+OG) of Amritsar- II Tehsil.",C_ward_or_EB_level
20,Attari (SC),"KCs Amritsar-II, Attari, Khasa (excluding OG Gumanpura of PC Gumanpura), Verka (excluding OG Mudhal of PC Mudhal), Wadala Bhittewad (excluding OG Thandewala of PC Khapar Kheri) & Chabba of Amritsar-II Tehsil.",B_sub_tehsil_units(GP/village/circle/KC/PC/mouza)
21,Tarn Taran,"KCs Tarn Taran, Jhabal Kalan, Sohal Thathi, Gaggo Bua & Tarn-Taran (MCl) of Tarn Taran Tehsil.",B_sub_tehsil_units(GP/village/circle/KC/PC/mouza)
22,Khem Karan,"PCs Gharyala-1 to 3, Maneke Jand, Warnala, Talwandi Sobha Singh, Gajjal, Jodh Singhwala of Gharyala KC; KCs Valtoha, Khem Karan, Algon, Mari Megha, Bhikhiwind, Dialpura & Khemkaran (NP) of Patti Tehsil.",B_sub_tehsil_units(GP/village/circle/KC/PC/mouza)
23,Patti,"PCs Barwala, Dhariwal of Gharyala KC; KCs Patti, Kot Budha, Sabhra & Patti (MCl) of Patti Tehsil; KCs Naushehra Pannuan & Sarhali of Tarn Taran Tehsil.",B_sub_tehsil_units(GP/village/circle/KC/PC/mouza)
24,Khadoor Sahib,"KCs Pandori Gola, Jeobala, Chohla Sahib of Tarn Taran Tehsil; PCs Khadoor Sahib, Banian, Jahan Gir of Khadoor Sahib KC; KCs Fatehabad & Goindwal Sahib of Khadoor Sahib Tehsil.",B_sub_tehsil_units(GP/village/circle/KC/PC/mouza)
25,Baba Bakala (SC),"PCs Sangar Kalan, Mian Wind, Verowal, Bhut Wind, Jawandpur, Kiri Shahi, Biharipur of Khadoor Sahib KC; KC Chak Kare Khan of Khadoor Sahib Tehsil; KCs Sathiala, Khalchian, Baba Bakala & Rayya (NP) of Baba Bakala Tehsil.",B_sub_tehsil_units(GP/village/circle/KC/PC/mouza)
26,Bholath,"Bholath Tehsil; KCs Dhilwan, Ramidi; PC Jati Ke of Fathu Dhinga KC & Dhilwan (NP) of Kapurthala Tehsil.",B_sub_tehsil_units(GP/village/circle/KC/PC/mouza)
27,Kapurthala,"KCs Kapurthala, Baler Khanpur; PCs Nawan Pind, Ghug, Khukhrain, Saidowal of Khalu KC; PCs Thigli, Nidhoki, Sidhwan Dona, Kaso Chahhal, Bhano Langa of Hussainpur KC & Kapurthala (MCl) of Kapurthala Tehsil.",B_sub_tehsil_units(GP/village/circle/KC/PC/mouza)
28,Sultanpur Lodhi,"Sultanpur Lodhi Tehsil; PCs Khera Dona, Karahal Nao Abad, Isharwal, Saido Bhulana, Shahpur Dogra of Hussainpur KC; PCs Khalu, Khiran Wali, Sandhar Jagir, Parvej Nagar, Bhawanipur, Dhudianwala, Dabulian of Khalu KC; PCs Fathu Dhinga, Buh, Desal, Khera Bet, Tarkhanawali, Saiflabad, Surakhpur, Ucha & Mehmadwal of Fathu Dhinga KC of Kapurthala Tehsil.",B_sub_tehsil_units(GP/village/circle/KC/PC/mouza)
29,Phagwara (SC),"KCs Phagwara, Ranipur, Rihana Jattan & Phagwara (MCI+OG) of Phagwara Tehsil.",B_sub_tehsil_units(GP/village/circle/KC/PC/mouza)
30,Phillaur (SC),"KCs Phillaur, Lasara, Apra, Gorayan, Rurka Kalan, Bara Pind, Partap Pura, Gorayan (NP) & Phillaur (MCl) of Phillaur Tehsil.",B_sub_tehsil_units(GP/village/circle/KC/PC/mouza)
31,Nakodar,"PCs Mahem, Bir Pind, Allowal, Nakodar-1,2,3, Sidhwan of Nakodar KC; KCs Sarih, Gohir, Uggi, Gill, Nakodar (MCl) of Nakodar Tehsil; KCs Bilga, Nurmahal, Talwan & Nurmahal (MCl) of Phillaur Tehsil.",B_sub_tehsil_units(GP/village/circle/KC/PC/mouza)
32,Shahkot,"Shahkot Tehsil; PCs Aulak, Maheru, Pandori Khas of Nakodar KC; KCs Mehatpur & Umrewal Billa of Nakodar Tehsil.",B_sub_tehsil_units(GP/village/circle/KC/PC/mouza)
33,Kartarpur (SC),"PC Sheikhe Pind of Jalandhar KC of Jalandhar-I Tehsil; KCs Reru, Wariyana, Lambra, Naugajja, Kartarpur, Kahlwan, Pachranga, Kartarpur (MCl) & Bidipur on Amritsar Road (OG) Ward No. 56 of Jalandhar-II Tehsil.",C_ward_or_EB_level
34,Jalandhar West (SC),"Ward Nos. 18 to 21, 33 to 35, 37 to 39 & 41 to 44 in Jalandhar (M Corp.) of Jalandhar-I Tehsil.",C_ward_or_EB_level
35,Jalandhar Central,"Ward Nos. 22 to 32, 40 & 48 to 53 in Jalandhar (M Corp.) of Jalandhar-I Tehsil .",C_ward_or_EB_level
36,Jalandhar North,Ward Nos. 1 to 17 in Jalandhar (M Corp.) of Jalandhar-I Tehsil.,C_ward_or_EB_level
37,Jalandhar Cantt.,"KCs Jamsher, Pholriwala, Sansarpur (CT) Ward No-1, Jalandhar Cantt. (CB), Ward Nos. 36, 45 to 47, 54 & 55 in Jalandhar (M Corp.) & Khambra on Nakodar Road (OG) - Ward No.57, Alipur adjacent to Village Mithapur (OG) - Ward No.58, Nangal Kararkhan adjacent to Master Mehnga Singh Colony (OG) - Ward No.59 in Jalandhar (M Corp+OG) of Jalandhar-I Tehsil & KC Jandiala of Phillaur Tehsil.",C_ward_or_EB_level
38,Adampur (SC),"KCs Bhogpur, Nangal Fida, Bhogpur (NP) of Jalandhar-II Tehsil; KCs Patara, Alawalpur, Adampur, Kalra, Adampur (MCl) & Alawalpur (MCl) of Jalandhar-I Tehsil.",B_sub_tehsil_units(GP/village/circle/KC/PC/mouza)
39,Mukerian,"PC Namoli of Datarpur KC; KCs Mukerian, Aiman Mangat, Hajipur, Hardokhundpur, Bhangala; PCs Shri Pandian, Gera, Bhera, Sariana, Bella Sariana of Talwara KC & Mukerian (MCl) of Mukerian Tehsil.",B_sub_tehsil_units(GP/village/circle/KC/PC/mouza)
40,Dasuya,"KCs Dasuya, Passi Kandi, Unchi Bassi, Safdarpur, Dasuya (MCl) of Dasuya Tehsil; PCs Rakri Urf Datarpur, Swar, Depur, Jugial, Niku Chak, Beh Fatto, Beh Khushala, Labbar, Baring, Beh Nangal, Beh Lakhan of Datarpur KC, PCs Talwara, Baringli, Bhol Kalota, Alera, Dharmpur, Bhambotar, Bhavnaur of Talwara KC of Mukerian Tehsil.",B_sub_tehsil_units(GP/village/circle/KC/PC/mouza)
41,Urmar,"KCs Garhdiwala, Bhanowal, Ambala Jattan, Urmar, Khudda, Tanda, Miani, Gardhiwala (MCl) & Tanda Urmar (MCl) of Dasuya Tehsil.",B_sub_tehsil_units(GP/village/circle/KC/PC/mouza)
42,Sham Chaurasi (SC),"PCs Naloyian, Kakkon, Bagpur, Kantian, Bhikhowal, Bhagowal of Hoshiarpur KC; PCs Hardo Khanpur, Sataur, Gobindpur Khun Khun of Premgarh KC; KCs Nanda Chaur, Bullowal, Sham Chaurasi, Nasrala, Bhunga, Khadiala Sainian, Janouri, Hariana, Hariana (MCl) & Sham Chaurasi (MCl) of Hoshiarpur Tehsil.",B_sub_tehsil_units(GP/village/circle/KC/PC/mouza)
43,Hoshiarpur,"PCs Bahadurpur, Kotla Gaunspur, Admowal, Chohal of Hoshiarpur KC; PCs Shergarh, Chhauni Kalan, Bilaspur of Premgarh KC; KC Jahan Khelan & Hoshiarpur (MCl) of Hoshiarpur Tehsil.",B_sub_tehsil_units(GP/village/circle/KC/PC/mouza)
44,Chabbewal (SC),"KCs Kot Fatuhi, Sarhala Kalan, Rampur, Bahowal of Garhshankar Tehsil; KCs Chabbewal, Ahrana Kalan & Attowal of Hoshiarpur Tehsil.",B_sub_tehsil_units(GP/village/circle/KC/PC/mouza)
45,Garhshankar,"KCs Garhshankar, Binewal, Samundra, Satnaur, Saila Khurd, Mahilpur, Mahilpur (NP) & Garhshankar (MCl) of Garhshankar Tehsil.",B_sub_tehsil_units(GP/village/circle/KC/PC/mouza)
46,Banga (SC),"PCs Bakhlaur, Shekhupur, Aur, Garupar, Garhi Ajit Singh of Aur KC; KCs Behram, Jandiala, Banga, Mukandpur, Sahlon & Banga (MCl) of Nawan Shahr Tehsil.",B_sub_tehsil_units(GP/village/circle/KC/PC/mouza)
47,Nawan Shahr,"PCs Chak Dana, Urapur, Burj Tehal Dass, Phambra of Aur KC, KCs Kahma, Nawan Shahr, Bharta Kalan, Rahon, Langroya, Bahiloor Kalan, Jadla, Nawan Shahr (MCl+OG) & Rahon (MCl) of Nawan Shahr Tehsil.",B_sub_tehsil_units(GP/village/circle/KC/PC/mouza)
48,Balachaur,Balachaur Tehsil.,A_whole_subdistricts_and_towns_only
49,Anandpur Sahib,"KCs Anandpur Sahib, Nangal, NayaNangal, Nangal MC, Anandpur Sahib MC of Anandpur Sahib Tehsil; PCs Bari Jhakhian, Bara Pind, Bharatgarh, Nangal Sarsa, Awankot of Ghanauli KC of Rupnagar Tehsil.",B_sub_tehsil_units(GP/village/circle/KC/PC/mouza)
50,Rupnagar,"PCs Ghaunali, Ghaunala, Dhangoli, Daburji of Ghanauli KC; KCs Rupnagar, Mianpur & Rupnagar MC of Rupnagar Tehsil; KCs Dumewal, Nurpur Bedi & Takhatgarh of Anandpur Sahib Tehsil.",B_sub_tehsil_units(GP/village/circle/KC/PC/mouza)
51,Chamkaur Sahib (SC),"KCs Singh, Bela, Behram Pur Bet, Chamkaur Sahib, Lutheri, Morinda, Ban Majra, Morinda MC of Rupnagar Tehsil & KC Gharuan of Kharar Tehsil.",B_sub_tehsil_units(GP/village/circle/KC/PC/mouza)
52,Kharar,"KCs Khizarabad, Majri, Mullanpur Garib Dass, Kurali, Kharar, Kurali (MCl) & Kharar (MCl) of Kharar Tehsil.",B_sub_tehsil_units(GP/village/circle/KC/PC/mouza)
53,S.A.S.Nagar,S.A.S.Nagar (Mohali) Tehsil.,A_whole_subdistricts_and_towns_only
54,Bassi Pathana (SC),Bassi Pathana Tehsil & Khamanon Tehsil. Fatehgarh Sahib Tehsil.,A_whole_subdistricts_and_towns_only
55,Fatehgarh Sahib,,A_whole_subdistricts_and_towns_only
56,Amloh,Amloh Tehsil.,A_whole_subdistricts_and_towns_only
57,Khanna,Khanna Tehsil.,A_whole_subdistricts_and_towns_only
58,Samrala,Samrala Tehsil.,A_whole_subdistricts_and_towns_only
59,Sahnewal,"KCs Ludhiana, Mangat, Mattewara, Koom Kalan, Sahnewal Kalan, Sahnewal (NP) & Ward No. 14 & 16 of Ludhiana (M Corp.) of Ludhiana East Tehsil.",C_ward_or_EB_level
60,Ludhiana East,"Ward Nos. 6 to 13, 15 & 17 in Ludhiana (M Corp.) of Ludhiana East Tehsil.",C_ward_or_EB_level
61,Ludhiana South,"Ward Nos. 18 to 24, 29 & 31 in Ludhiana (M Corp.) of Ludhiana East Tehsil.",C_ward_or_EB_level
62,Atam Nagar,"Ward Nos. 25 to 28, 30, 32 to 36 & 40 in Ludhiana (M Corp.) of Ludhiana East Tehsil.",C_ward_or_EB_level
63,Ludhiana Central,Ward Nos. 50 to 63 in Ludhiana (M Corp.) of Ludhiana East Tehsil.,C_ward_or_EB_level
64,Ludhiana West,"Ward Nos. 1, 37 to 39 & 41 to 48 in Ludhiana (M Corp.) of Ludhiana East Tehsil.",C_ward_or_EB_level
65,Ludhiana North,"Ward Nos. 2 to 5, 49 & 64 to 70 in Ludhiana (M Corp.) of Ludhiana East Tehsil.",C_ward_or_EB_level
66,Gill (SC),"KCs Ghawaddi, Dehlon of Ludhiana East Tehsil; KCs Gill, Sunet, Bagga Khurd, Ayali Khrud; PCs Narangwal, Mansuran, Lalton Kalan & Dolon Kalan of Jodhan KC of Ludhiana West Tehsil.",B_sub_tehsil_units(GP/village/circle/KC/PC/mouza)
67,Payal (SC),Payal Tehsil.,A_whole_subdistricts_and_towns_only
68,Dakha,"PCs Jodhan, Sahauli, Ballowal of Jodhan KC; KCs Gujarwal, Mohi, Dakha & Mullanpur Dakha (NP) of Ludhiana West Tehsil; KCs Swaddi Khas, Pabbian, Bhundri, Sidhwan Bet of Jagraon Tehsil.",B_sub_tehsil_units(GP/village/circle/KC/PC/mouza)
69,Raikot (SC),Raikot Tehsil.,A_whole_subdistricts_and_towns_only
70,Jagraon (SC),"KCs Kaunke, Manuke, Malak, Lodhiwala, Jagraon, Akhara & Jagraon (MC) of Jagraon Tehsil.",B_sub_tehsil_units(GP/village/circle/KC/PC/mouza)
71,Nihal Singhwala (SC),"Nihal Singhwala Tehsil; KCs Ajit Wal, Buttar Kalan of Moga Tehsil.",B_sub_tehsil_units(GP/village/circle/KC/PC/mouza)
72,Bhagha Purana,Bhagha Purana Tehsil.,A_whole_subdistricts_and_towns_only
73,Moga,"KCs Khukhrana, Ghal Kalan, Moga Jit Singh & Moga (MCl+OG) of Moga Tehsil.",B_sub_tehsil_units(GP/village/circle/KC/PC/mouza)
74,Dharamkot,"KCs Moga Mehla Singh, Fatehgarh Panjtoor, Kot Ise Khan, Dharamkot, Kishan Pura Kalan & Dharamkot (MCl) of Moga Tehsil.",B_sub_tehsil_units(GP/village/circle/KC/PC/mouza)
75,Zira,Zira Tehsil.,A_whole_subdistricts_and_towns_only
76,Firozpur City,"PCs Arif Ke, Attari, Bandala, Dulla Singh Wala, Ilmewala, Katora, Maste Ke, Muthian Wala of Arif Ke KC; KC Firozpur City, Firozpur (MCl) & Firozpur Cantt. (CB) of Firozpur Tehsil.",B_sub_tehsil_units(GP/village/circle/KC/PC/mouza)
77,Firozpur Rural (SC),"KCs Firozpur Cantt., Ferozeshah, Talwandi Bhai; PCs Changali Jadid, Mahalam of Arif Ke KC; PCs Bhabra Azam Shahwala, Bukan Khanwala, Dhira Pattra, Jhok Harihar, Mana Singhwala, Nurpur, Tut of Jhok Harihar KC; KC Mamdot & Talwandi Bhai (MCl) of Firozpur Tehsil.",B_sub_tehsil_units(GP/village/circle/KC/PC/mouza)
78,Guru Har Sahai,"KCs Guru Har Sahai, Mahmu Joyian, Jiwan Arian & Guru Har Sahai (MCI) of Jalalabad Tehsil; KC Lakho Ke Behram; PCs Burj Makhan Singh, Jhok Tahal Singh Wala, Mahima of Jhok Harihar KC of Firozpur Tehsil.",B_sub_tehsil_units(GP/village/circle/KC/PC/mouza)
79,Jalalabad,"KCs Tahliwala Bodla, Arniwala Sheikh Subhan of Fazilka Tehsil; KCs Ghubaya, Jalalabad & Jalalabad (MCl+OG) of Jalalabad Tehsil.",B_sub_tehsil_units(GP/village/circle/KC/PC/mouza)
80,Fazilka,"KCs Fazilka, Tillan Wali, Theh Kalander & Fazilka (MCl) of Fazilka Tehsil.",B_sub_tehsil_units(GP/village/circle/KC/PC/mouza)
81,Abohar,"KCs Kallar Khera, Khuian Sarwar, PC Azimagarh of Abohar Janubee KC; Abohar (MCl) & PC Abohar (Rural) (Abohar Mandi) of Abohar Samali KC of Abohar Tehsil.",B_sub_tehsil_units(GP/village/circle/KC/PC/mouza)
82,Balluana (SC),"KC Sito Guno, PCs Dode Wala, Amarpura, Bhagu, Dotaran Wali, Kala Tibba, Raipura, Rajpura, Ramsra & Rajanwali of KC Abohar Janubee; KC Rukan Pura, PCs Alamgarh, Basian, Dharampura, Kikar Khera, Saiyadwala, Ruherhianwall, Mandi Abohar of Abohar Samali KC; KC Balluana of Abohar Tahsil & KC Nihal Khera of Fazilka Tehsil.",B_sub_tehsil_units(GP/village/circle/KC/PC/mouza)
83,Lambi,"KCs Killianwali & Lambi and PCs Midda, Mohlan, Raniwala, Bodiwala Kharak Singh, Sarawan Bodla, Katianwali, Kabarwala of Bodiwala Kharak Singh KC of Tehsil Malout; PCs Alamwala, Bhagwan Pura of Malout KC; PCs Burajsidhwan, Shamkot, Mahni Khera, Khema Khera, Dabwali Rahurianwali, Kolianwali of Danewala KC of Malout Tehsil; PCs Tharajwala & Lalbai of KC Gidderbaha of Tehsil Gidderbaha.",B_sub_tehsil_units(GP/village/circle/KC/PC/mouza)
84,Gidderbaha,"MC Gidderbaha; KCs Doda, Bhaliana; PCs Giljewala, Khunan Khurd, Chhatteana, Gidderbaha 1 & 2, Husnar, Gurusar, Badian, Bhundar of Gidderbaha KC of Gidderbaha Tehsil; PCs Harike Kalan 1 & 2 of KC Thande Wala of Muktsar Tehsil.",B_sub_tehsil_units(GP/village/circle/KC/PC/mouza)
85,Malout (SC),"KC Lakhewali, PCs Rupana, Bhangchari, Tamkot, Sotha & Mehrajwala of KC Thandewala of Muktsar Tehsil; Malout (MCl), PCs Aulakh, Jhurar, Ena Khera, Lakkarwala, Malout, Bhulleriana of Malout KC; PCs Abul Khurana, Danewala & Jandwala Charhat Singh of KC Danewala; PCs Baam, Urang of Bodiwala Kharak Singh KC of Malout Tehsil; PCs Theri-1 & 2 of Gidderbaha KC of Gidderbaha Tehsil.",B_sub_tehsil_units(GP/village/circle/KC/PC/mouza)
86,Muktsar,"KCs Gulabewala, Bariwala & Muktsar, Bariwala NP & Muktsar MC & PCs Sarainaga, Warring, Thandewala & Bhullar of Thandewala KC of Muktsar Tehsil.",B_sub_tehsil_units(GP/village/circle/KC/PC/mouza)
87,Faridkot,"KCs Faridkot, Sadiq, Golewala & Faridkot (MCl) of Faridkot Tehsil.",B_sub_tehsil_units(GP/village/circle/KC/PC/mouza)
88,Kotkapura,"KCs Kotkapura, Sandhwan & Kotkapura (MCl) of Faridkot Tehsil.",B_sub_tehsil_units(GP/village/circle/KC/PC/mouza)
89,Jaitu (SC),Jaitu Tehsil & KC Panjgrain Kalan of Faridkot Tehsil.,B_sub_tehsil_units(GP/village/circle/KC/PC/mouza)
90,Rampura Phul,"KCs Bhagta, Bhai Rupa, Phul & Rampura Phul (MCl+OG) of Rampura Phul Tehsil.",B_sub_tehsil_units(GP/village/circle/KC/PC/mouza)
91,Bhucho Mandi (SC),"PCs Ablu-I & Ablu II, Mehma Bhagwana, Sivian of Balluana KC; KCs Bhucho Mandi, Nathana, Nehianwala, Goniana (MCl) & Bhucho Mandi (MCl) of Bathinda Tehsil.",B_sub_tehsil_units(GP/village/circle/KC/PC/mouza)
92,Bathinda Urban,Bathinda (MCl) of Bathinda Tehsil.,A_whole_subdistricts_and_towns_only
93,Bathinda Rural (SC),"PCs Balluana, Bahiman Diwana, Burj Mehma, Chughe Khurd, Deon, Virk Kalan of Balluana KC; KCs Bathinda, Ghudda, Sangat Kalan, Bhisiana (CT), Sangat (MCl) & Kot Fatta (MCl) of Bathinda Tehsil.",B_sub_tehsil_units(GP/village/circle/KC/PC/mouza)
94,Talwandi Sabo,"KCs Raman, Singo, Talwandi Sabo & Raman (MCl) of Talwandi Sabo Tehsil.",B_sub_tehsil_units(GP/village/circle/KC/PC/mouza)
95,Maur,KC Maur Kalan & Maur (MCl) of Talwandi Sabo Tehsil; KCs Balian Wali & Rampura of Rampura Phul Tehsil.,B_sub_tehsil_units(GP/village/circle/KC/PC/mouza)
96,Mansa,"PCs Malikpur, Mansa Khurd of Mansa Kalan KC; KCs Phaphre Bhaike, Bhikhi, Joga, Bhaini Bagha, Bhikhi (NP) & Mansa (MCl) of Mansa Tehsil.",B_sub_tehsil_units(GP/village/circle/KC/PC/mouza)
97,Sardulgarh,"Sardulgarh Tehsil; PCs Ghrangne, Moosa, Khokhar Kalan, Jawaharke, Nangal Kalan, Nangal Khurd, Behniwal, Dhingar, Daliewali, Makha, Bananwala, Kotdharmu of Mansa Kalan KC of Mansa Tehsil.",B_sub_tehsil_units(GP/village/circle/KC/PC/mouza)
98,Budhlada (SC),Budhlada Tehsil.,A_whole_subdistricts_and_towns_only
99,Lehra,Moonak Tehsil.,A_whole_subdistricts_and_towns_only
100,Dirba (SC),"PCs Hambal Was, Jakhepal Was, Satoj, Ugrahan of Sunam KC; KCs Chhajli, Dirba, Gaga, Sular & Dirba (NP) of Sunam Tehsil.",B_sub_tehsil_units(GP/village/circle/KC/PC/mouza)
101,Sunam,"PCs Chouwas, Bakshiwala, Biggarwal, Sunam D of Sunam KC; KC Cheema, Cheema (NP), Sunam (MCl+OG) of Sunam Tehsil; PCs Ealwal, Gagarpur of Bhindran KC; PCs Bijalpur, Nagra of Gharochan KC; PCs Kheri, Kular Khurd, Ramnagar Sibia, Tung of Sangrur KC; KCs Badrukhan, Longowal & Longowal (MCl) of Sangrur Tehsil.",B_sub_tehsil_units(GP/village/circle/KC/PC/mouza)
102,Bhadaur (SC),"PCs Majjhuke, Ramgarh, of Talewal KC; KCs Bhadaur, Dhilwan, Kaleke, Rureke Kalan, Tapa, Bhadaur (MCl) & Tapa (MCl) of Barnala Tehsil.",B_sub_tehsil_units(GP/village/circle/KC/PC/mouza)
103,Barnala,"KCs Barnala, Dhanaula, Sanghera, Barnala (MCl), Handiaya (NP) & Dhanaula (MCl) of Barnala Tehsil.",B_sub_tehsil_units(GP/village/circle/KC/PC/mouza)
104,Mehal Kalan (SC),"PCs Bhotna, Bihla, Chhiniwal Khurd, Deewana, Gehal, Talewal B of Talewal KC; KCs Chananwal, Mehal Kalan, Vajeedke Kalan of Barnala Tehsil; PCs Badshahpur, Herike, Salempur of Ghanauri Kalan KC & Sherpur KC of Dhuri Tehsil.",B_sub_tehsil_units(GP/village/circle/KC/PC/mouza)
105,Malerkotla,"KCs Malerkotla, Sandaur & Malerkotla (MCl) of Malerkotla Tehsil.",B_sub_tehsil_units(GP/village/circle/KC/PC/mouza)
106,Amargarh,"KCs Ahmedgarh, Amargarh, Jamalpura, Manvi & Ahmedgarh (MCl) of Malerkotla Tehsil.",B_sub_tehsil_units(GP/village/circle/KC/PC/mouza)
107,Dhuri,"PCs Bamal, Changli, Ghanaur Kalan, Ghanauri Kalan, Issapur, Jahangir, Katron of Ghanauri Kalan KC; KCs Dhuri, Meemsa, Mulowal & Dhuri (MCl) of Dhuri Tehsil.",B_sub_tehsil_units(GP/village/circle/KC/PC/mouza)
108,Sangrur,"PCs Balian, Bhindran, Deh Kalan, Ghabdan, Jalan, Saron of Bhindran KC; PCs Basiarkh, Batriana, Gharachon B, Jhaneri, Kapial of Gharochan KC; PCs Akoi, Changal, Mangwal of Sangrur KC; KCs Bhawanigarh, Nadampur, Sangrur (MCl) & Bhawanigarh (MCl) of Sangrur Tehsil.",B_sub_tehsil_units(GP/village/circle/KC/PC/mouza)
109,Nabha (SC),"Nabha (MCl), KCs Nabha, Kakrala, Agol, Bhadson of Nabha Tehsil.",B_sub_tehsil_units(GP/village/circle/KC/PC/mouza)
110,Patiala Rural,"KC Ajnoda Kalan of Nabha Tehsil; KC Sidhuwal, Ward Nos. 2 to 7 in Patiala (M Corp) & Hira Bagh Colony (OG) Ward No. 36, Ranjit Nagar Extension - I (OG) - Ward No.37, Grid Colony PSEB on Bhadson Road (OG) - Ward No.38, Urban Estate - I (OG) - Ward No.40, Punjabi University (OG) - Ward No.41, Urban Estate - II (OG) - Ward No.42, Ranjit Nagar Extension - II (OG) - Ward No. 43 in Patiala (M Corp+OG) of Patiala Tehsil. KCs Banur, Khera Gajju, Banur (MCI), PCs Urdan, Jansla of",C_ward_or_EB_level
111,Rajpura,"Jansla KC; PCs Rajpura, Neelpur, Samdo, Pilkhani of Rajpura KC & Rajpura (MCl) of Rajpura Tehsil.",B_sub_tehsil_units(GP/village/circle/KC/PC/mouza)
112,Dera Bassi,Dera Bassi Tehsil.,A_whole_subdistricts_and_towns_only
113,Ghanaur,"KCs Marda Pur, Harpalpur, Ghanaur, Ghanaur (NP), PCs Kheri Gandia, Gopalpur, Akar, Said Kheri, Suhro, Takho Majra, Jai Nagar of Rajpura KC; PCs Chalheri, Chamaru, Mohi Khurd, Tepla, Kheri Gurna, Nanhera, Thuha, Dhakansu Kalan of Jansla KC of Rajpura Tehsil.",B_sub_tehsil_units(GP/village/circle/KC/PC/mouza)
114,Sanour,"KCs Sanour, Masingan, Dudhan Sadha, Bhunerheri, Kasba & Sanaur (MCl) of Patiala Tehsil.",B_sub_tehsil_units(GP/village/circle/KC/PC/mouza)
115,Patiala,"Ward Nos. 1, 8 to 35 in Patiala (M Corp.) & Kheri Gujran (OG) - Ward No. 39 in Patiala (M Corp+OG) of Patiala Tehsil.",C_ward_or_EB_level
116,Samana,"PCs Khatri Wala, Talwandi Malik, Gajewas, Bahmana of Kularan KC; KC Samana & Samana (MCl) of Samana Tehsil; KCs Dakala, Patiala (Except Lehal PC), Dhablan of Patiala Tehsil.",B_sub_tehsil_units(GP/village/circle/KC/PC/mouza)
117,Shutrana (SC) ( ) The wards in MC Patiala are operations in the State.,"PCs Dhanetha, Mavi Kalan, Kakrala, Bujrak, Sehajpur Kalan, Kulara of Kularan KC; KCs Ghagga, Patran, Shutrana, Ghagga (NP) & Patran (NP) of Samana Tehsil. as on 01.03.2001 i.e. the crucial date for 2001Census",B_sub_tehsil_units(GP/village/circle/KC/PC/mouza)
