file,source,catalog_page,catalog_idno,title,download_url,bytes,sha256,fetched_utc
raw_nada/DDW00C-01 MDDS.XLS,censusindia.gov.in NADA (ORGI Census Digital Library),https://censusindia.gov.in/nada/index.php/catalog/11361,PC11_C01-00,"India - C-01: Population by religious community, India - 2011",https://censusindia.gov.in/nada/index.php/catalog/11361/download/14474/DDW00C-01%20MDDS.XLS,52736,c3fee2bb235f4ef511d9aaeceaf5f8026b48908f813c6d1cc06413a6c8a0d9cd,2026-09-29
raw_nada/DDW35C-01 MDDS.XLS,censusindia.gov.in NADA (ORGI Census Digital Library),https://censusindia.gov.in/nada/index.php/catalog/11362,PC11_C01-35,"India - C-01: Population by religious community, Andaman and Nicobar Islands - 2011",https://censusindia.gov.in/nada/index.php/catalog/11362/download/14475/DDW35C-01%20MDDS.XLS,32768,4b94e106e8114eb9ddadf96c6a0e0c0260a3175d85c34600775f8ae4b9bbde6c,2026-09-29
raw_nada/DDW28C-01 MDDS.XLS,censusindia.gov.in NADA (ORGI Census Digital Library),https://censusindia.gov.in/nada/index.php/catalog/11363,PC11_C01-28,"India - C-01: Population by religious community, Andhra Pradesh - 2011",https://censusindia.gov.in/nada/index.php/catalog/11363/download/14476/DDW28C-01%20MDDS.XLS,1221632,48a09e1e1dce2ab35fe2bf8ae36499c8ff03beaa4d0a910fe9282ee071cd237c,2026-09-29
raw_nada/DDW12C-01 MDDS.XLS,censusindia.gov.in NADA (ORGI Census Digital Library),https://censusindia.gov.in/nada/index.php/catalog/11364,PC11_C01-12,"India - C-01: Population by religious community, Arunachal Pradesh - 2011",https://censusindia.gov.in/nada/index.php/catalog/11364/download/14477/DDW12C-01%20MDDS.XLS,216064,0c7a94c307658a8470177bafa479314b47d83e8ae6a78e0fb72432b3317b0408,2026-09-29
raw_nada/DDW18C-01 MDDS.XLS,censusindia.gov.in NADA (ORGI Census Digital Library),https://censusindia.gov.in/nada/index.php/catalog/11365,PC11_C01-18,"India - C-01: Population by religious community, Assam - 2011",https://censusindia.gov.in/nada/index.php/catalog/11365/download/14478/DDW18C-01%20MDDS.XLS,286208,a7a01c11d4e2c030ed1605c2dd6436bb97fd971c3821253b7aef08a52c3fc902,2026-09-29
raw_nada/DDW10C-01 MDDS.XLS,censusindia.gov.in NADA (ORGI Census Digital Library),https://censusindia.gov.in/nada/index.php/catalog/11366,PC11_C01-10,"India - C-01: Population by religious community, Bihar - 2011",https://censusindia.gov.in/nada/index.php/catalog/11366/download/14479/DDW10C-01%20MDDS.XLS,609792,b00824a5382302263b8af81e4ed4d7165b92ac2782aaebce4760e6883527b737,2026-09-29
raw_nada/DDW04C-01 MDDS.XLS,censusindia.gov.in NADA (ORGI Census Digital Library),https://censusindia.gov.in/nada/index.php/catalog/11367,PC11_C01-04,"India - C-01: Population by religious community, Chandigarh - 2011",https://censusindia.gov.in/nada/index.php/catalog/11367/download/14480/DDW04C-01%20MDDS.XLS,23552,7a92369d139aad484bd0235105fce537f8a5def7df037735eec18792f5ac1c43,2026-09-29
raw_nada/DDW22C-01 MDDS.XLS,censusindia.gov.in NADA (ORGI Census Digital Library),https://censusindia.gov.in/nada/index.php/catalog/11368,PC11_C01-22,"India - C-01: Population by religious community, Chhattisgarh - 2011",https://censusindia.gov.in/nada/index.php/catalog/11368/download/14481/DDW22C-01%20MDDS.XLS,238592,96193fc25b6bc5cd63eb2fb2e9b06cefb1d45214ee86aa5098995b85621f3bb7,2026-09-29
raw_nada/DDW26C-01 MDDS.XLS,censusindia.gov.in NADA (ORGI Census Digital Library),https://censusindia.gov.in/nada/index.php/catalog/11369,PC11_C01-26,"India - C-01: Population by religious community, Dadra & Nagar Haveli - 2011",https://censusindia.gov.in/nada/index.php/catalog/11369/download/14482/DDW26C-01%20MDDS.XLS,24064,b9172c163de726447fd95bb30f8ea74c30f936ead990facbf19da4950fccb891,2026-09-29
raw_nada/DDW25C-01 MDDS.XLS,censusindia.gov.in NADA (ORGI Census Digital Library),https://censusindia.gov.in/nada/index.php/catalog/11370,PC11_C01-25,"India - C-01: Population by religious community, Daman & Diu - 2011",https://censusindia.gov.in/nada/index.php/catalog/11370/download/14483/DDW25C-01%20MDDS.XLS,26624,5ea87ed51a73a0d8f52c626beb62a9a233a71b342da505afd959d87ae0da8c97,2026-09-29
raw_nada/DDW07C-01 MDDS.XLS,censusindia.gov.in NADA (ORGI Census Digital Library),https://censusindia.gov.in/nada/index.php/catalog/11371,PC11_C01-07,"India - C-01: Population by religious community, NCT of Delhi - 2011",https://censusindia.gov.in/nada/index.php/catalog/11371/download/14484/DDW07C-01%20MDDS.XLS,101376,5407e0630fa8a003363835b675d90e001f4e51a4d534d1d9c540a1880edc4ba8,2026-09-29
raw_nada/DDW30C-01 MDDS.XLS,censusindia.gov.in NADA (ORGI Census Digital Library),https://censusindia.gov.in/nada/index.php/catalog/11372,PC11_C01-30,"India - C-01: Population by religious community, Goa - 2011",https://censusindia.gov.in/nada/index.php/catalog/11372/download/14485/DDW30C-01%20MDDS.XLS,54784,ebf0790fb3f6576a8b9c0e0d7e3c2f701a94ca37631fc5d3d327fc6467aff34a,2026-09-29
raw_nada/DDW24C-01 MDDS.XLS,censusindia.gov.in NADA (ORGI Census Digital Library),https://censusindia.gov.in/nada/index.php/catalog/11373,PC11_C01-24,"India - C-01: Population by religious community, Gujarat - 2011",https://censusindia.gov.in/nada/index.php/catalog/11373/download/14486/DDW24C-01%20MDDS.XLS,365056,1aec4398df786adb5076b25e128cbcd2af2a94437c332f242ad829aae2deddee,2026-09-29
raw_nada/DDW06C-01 MDDS.XLS,censusindia.gov.in NADA (ORGI Census Digital Library),https://censusindia.gov.in/nada/index.php/catalog/11374,PC11_C01-06,"India - C-01: Population by religious community, Haryana - 2011",https://censusindia.gov.in/nada/index.php/catalog/11374/download/14487/DDW06C-01%20MDDS.XLS,157184,caf5d28a6b06687420cbb99f511fe294a2e1e9f73a2c811b1965c1ba264f767d,2026-09-29
raw_nada/DDW02C-01 MDDS.XLS,censusindia.gov.in NADA (ORGI Census Digital Library),https://censusindia.gov.in/nada/index.php/catalog/11375,PC11_C01-02,"India - C-01: Population by religious community, Himachal Pradesh - 2011",https://censusindia.gov.in/nada/index.php/catalog/11375/download/14488/DDW02C-01%20MDDS.XLS,157184,84d6d01b41dce584256d0e13e61264531d1593b05512f39f813b91d691094a33,2026-09-29
raw_nada/DDW01C-01 MDDS.XLS,censusindia.gov.in NADA (ORGI Census Digital Library),https://censusindia.gov.in/nada/index.php/catalog/11376,PC11_C01-01,"India - C-01: Population by religious community, Jammu and Kashmir - 2011",https://censusindia.gov.in/nada/index.php/catalog/11376/download/14489/DDW01C-01%20MDDS.XLS,157184,c9f393c89b32b9be71c4adb206bca5e03cbd7b3f6906ab1b1945add907d3cacd,2026-09-29
raw_nada/DDW20C-01 MDDS.XLS,censusindia.gov.in NADA (ORGI Census Digital Library),https://censusindia.gov.in/nada/index.php/catalog/11377,PC11_C01-20,"India - C-01: Population by religious community, Jharkhand - 2011",https://censusindia.gov.in/nada/index.php/catalog/11377/download/14490/DDW20C-01%20MDDS.XLS,354304,ce85844d687a03b9ccf05f628c264e68d03fc328990771a1d413627b6ecc4911,2026-09-29
raw_nada/DDW29C-01 MDDS.XLS,censusindia.gov.in NADA (ORGI Census Digital Library),https://censusindia.gov.in/nada/index.php/catalog/11378,PC11_C01-29,"India - C-01: Population by religious community, Karnataka - 2011",https://censusindia.gov.in/nada/index.php/catalog/11378/download/14491/DDW29C-01%20MDDS.XLS,326656,c0f40e1ede9d35e5e52357b759c58b6b2424223c202d97baabbeedfe05ad8e0a,2026-09-29
raw_nada/DDW32C-01 MDDS.XLS,censusindia.gov.in NADA (ORGI Census Digital Library),https://censusindia.gov.in/nada/index.php/catalog/11379,PC11_C01-32,"India - C-01: Population by religious community, Kerala - 2011",https://censusindia.gov.in/nada/index.php/catalog/11379/download/14492/DDW32C-01%20MDDS.XLS,262656,d155653175c6f462ad9f89fa88552e36919424c41a61c56ab1ca7e829d38dead,2026-09-29
raw_nada/DDW31C-01 MDDS.XLS,censusindia.gov.in NADA (ORGI Census Digital Library),https://censusindia.gov.in/nada/index.php/catalog/11380,PC11_C01-31,"India - C-01: Population by religious community, Lakshadweep - 2011",https://censusindia.gov.in/nada/index.php/catalog/11380/download/14493/DDW31C-01%20MDDS.XLS,32256,094c23d03e0507683ca8ac7e0757dfcee382d2f7a557a7a17b532d50da609951,2026-09-29
raw_nada/DDW23C-01 MDDS.XLS,censusindia.gov.in NADA (ORGI Census Digital Library),https://censusindia.gov.in/nada/index.php/catalog/11381,PC11_C01-23,"India - C-01: Population by religious community, Madhya Pradesh - 2011",https://censusindia.gov.in/nada/index.php/catalog/11381/download/14494/DDW23C-01%20MDDS.XLS,535552,ae8aa3a2003e8070f6b88011953cd50ca344a2716179e7db4fe479688be6379c,2026-09-29
raw_nada/DDW27C-01 MDDS.XLS,censusindia.gov.in NADA (ORGI Census Digital Library),https://censusindia.gov.in/nada/index.php/catalog/11382,PC11_C01-27,"India - C-01: Population by religious community, Maharashtra - 2011",https://censusindia.gov.in/nada/index.php/catalog/11382/download/14495/DDW27C-01%20MDDS.XLS,553472,bce626419f500bd7e1525b74e2da64285e4a5c021b65cee7492b1ba6b62bb9bd,2026-09-29
raw_nada/DDW14C-01 MDDS.XLS,censusindia.gov.in NADA (ORGI Census Digital Library),https://censusindia.gov.in/nada/index.php/catalog/11383,PC11_C01-14,"India - C-01: Population by religious community, Manipur - 2011",https://censusindia.gov.in/nada/index.php/catalog/11383/download/14496/DDW14C-01%20MDDS.XLS,82944,5ec60bf78774f231838b65abd488fc9619f463c2d67f171ceeb2109684891ca3,2026-09-29
raw_nada/DDW17C-01 MDDS.XLS,censusindia.gov.in NADA (ORGI Census Digital Library),https://censusindia.gov.in/nada/index.php/catalog/11384,PC11_C01-17,"India - C-01: Population by religious community, Meghalaya - 2011",https://censusindia.gov.in/nada/index.php/catalog/11384/download/14497/DDW17C-01%20MDDS.XLS,69632,b73b61e358e3ad7191c17510adfd4d36477f974c80b815c90dda4fb63a0789e7,2026-09-29
raw_nada/DDW15C-01 MDDS.XLS,censusindia.gov.in NADA (ORGI Census Digital Library),https://censusindia.gov.in/nada/index.php/catalog/11385,PC11_C01-15,"India - C-01: Population by religious community, Mizoram - 2011",https://censusindia.gov.in/nada/index.php/catalog/11385/download/14498/DDW15C-01%20MDDS.XLS,60928,82ef5ce563af00178a62ceff82e99758fe2bde1dae146cc1e598b05f80cd60a7,2026-09-29
raw_nada/DDW13C-01 MDDS.XLS,censusindia.gov.in NADA (ORGI Census Digital Library),https://censusindia.gov.in/nada/index.php/catalog/11386,PC11_C01-13,"India - C-01: Population by religious community, Nagaland - 2011",https://censusindia.gov.in/nada/index.php/catalog/11386/download/14499/DDW13C-01%20MDDS.XLS,143360,12ef3cb23aa3cd0b01ada682fe7a933bdcc38f970e3ada0b8143f8815ce485e8,2026-09-29
raw_nada/DDW21C-01 MDDS.XLS,censusindia.gov.in NADA (ORGI Census Digital Library),https://censusindia.gov.in/nada/index.php/catalog/11387,PC11_C01-21,"India - C-01: Population by religious community, Odisha - 2011",https://censusindia.gov.in/nada/index.php/catalog/11387/download/14500/DDW21C-01%20MDDS.XLS,559104,3cfc1100df768aa8de46ecb865a8e5a0516c27d5a60a07219f73afe3b028429d,2026-09-29
raw_nada/DDW34C-01 MDDS.XLS,censusindia.gov.in NADA (ORGI Census Digital Library),https://censusindia.gov.in/nada/index.php/catalog/11388,PC11_C01-34,"India - C-01: Population by religious community, Puducherry - 2011",https://censusindia.gov.in/nada/index.php/catalog/11388/download/14501/DDW34C-01%20MDDS.XLS,34816,988de29f40428b5fb8deb273d637c37c05b8ab5be2d266d944871c6531bade39,2026-09-29
raw_nada/DDW03C-01 MDDS.XLS,censusindia.gov.in NADA (ORGI Census Digital Library),https://censusindia.gov.in/nada/index.php/catalog/11389,PC11_C01-03,"India - C-01: Population by religious community, Punjab - 2011",https://censusindia.gov.in/nada/index.php/catalog/11389/download/14502/DDW03C-01%20MDDS.XLS,181760,a816056bc9e70168b358302d3c7dfedc0a3eb1170aed39a76d1e1ec05e37ec1f,2026-09-29
raw_nada/DDW08C-01 MDDS.XLS,censusindia.gov.in NADA (ORGI Census Digital Library),https://censusindia.gov.in/nada/index.php/catalog/11390,PC11_C01-08,"India - C-01: Population by religious community, Rajasthan - 2011",https://censusindia.gov.in/nada/index.php/catalog/11390/download/14503/DDW08C-01%20MDDS.XLS,373248,f6b20056f1b200e3958774382d68a0cc84291d33681fd3ef15dc19c6fc8431c1,2026-09-29
raw_nada/DDW11C-01 MDDS.XLS,censusindia.gov.in NADA (ORGI Census Digital Library),https://censusindia.gov.in/nada/index.php/catalog/11391,PC11_C01-11,"India - C-01: Population by religious community, Sikkim - 2011",https://censusindia.gov.in/nada/index.php/catalog/11391/download/14504/DDW11C-01%20MDDS.XLS,34816,1a64732af97202de0137d3067e8b82fbedca6f8521baec9954b0e81dd1924b54,2026-09-29
raw_nada/DDW33C-01 MDDS.XLS,censusindia.gov.in NADA (ORGI Census Digital Library),https://censusindia.gov.in/nada/index.php/catalog/11392,PC11_C01-33,"India - C-01: Population by religious community, Tamil Nadu - 2011",https://censusindia.gov.in/nada/index.php/catalog/11392/download/14505/DDW33C-01%20MDDS.XLS,606208,5766414c82e96d26f3c15d87e468742d7cb68a9fdfab5f9d5a41e5d1525dd7f2,2026-09-29
raw_nada/DDW16C-01 MDDS.XLS,censusindia.gov.in NADA (ORGI Census Digital Library),https://censusindia.gov.in/nada/index.php/catalog/11393,PC11_C01-16,"India - C-01: Population by religious community, Tripura - 2011",https://censusindia.gov.in/nada/index.php/catalog/11393/download/14506/DDW16C-01%20MDDS.XLS,78336,cb6bc7a69c1e58ab0a4fcc0a753f7be29912905bb5475a73a46cbb3e3e1429ea,2026-09-29
raw_nada/DDW09C-01 MDDS.XLS,censusindia.gov.in NADA (ORGI Census Digital Library),https://censusindia.gov.in/nada/index.php/catalog/11394,PC11_C01-09,"India - C-01: Population by religious community, Uttar Pradesh - 2011",https://censusindia.gov.in/nada/index.php/catalog/11394/download/14507/DDW09C-01%20MDDS.XLS,666112,13a1c3dceeafdccf603489c35108e3161f9f5c485b237eea73489e575a3a70b3,2026-09-29
raw_nada/DDW05C-01 MDDS.XLS,censusindia.gov.in NADA (ORGI Census Digital Library),https://censusindia.gov.in/nada/index.php/catalog/11395,PC11_C01-05,"India - C-01: Population by religious community, Uttarakhand - 2011",https://censusindia.gov.in/nada/index.php/catalog/11395/download/14508/DDW05C-01%20MDDS.XLS,142336,97c71565c4e9c2d5ae9ebf0aa89333ceec7a2bc3b39aab4bf93fdef00b4cdcc0,2026-09-29
raw_nada/DDW19C-01 MDDS.XLS,censusindia.gov.in NADA (ORGI Census Digital Library),https://censusindia.gov.in/nada/index.php/catalog/11396,PC11_C01-19,"India - C-01: Population by religious community, West Bengal - 2011",https://censusindia.gov.in/nada/index.php/catalog/11396/download/14509/DDW19C-01%20MDDS.XLS,663552,723b9edf6254c86adac24e5ccd99efb74e044eac5ff31683910f05357ee179c9,2026-09-29
raw_nada/DDW00C-01 Annexure MDDS.xlsx,censusindia.gov.in NADA (ORGI Census Digital Library),https://censusindia.gov.in/nada/index.php/catalog/11397,PC11_C01an,India - C-01 Annexure: Details of sects/religions clubbed under specific religious community - 2011,https://censusindia.gov.in/nada/index.php/catalog/11397/download/14510/DDW00C-01%20Annexure%20MDDS.xlsx,181980,2cd0ab992b9fdbbd0bf3e8199216ae34166e5e841ac023adf01400634da396e9,2026-09-29
raw_nada/DDW00C-01 Appendix MDDS.xlsx,censusindia.gov.in NADA (ORGI Census Digital Library),https://censusindia.gov.in/nada/index.php/catalog/11398,PC11_C01ap,India - C-01 Appendix: Details of religious community shown under 'Other religions and persuasions' in main table C01 - 2011,https://censusindia.gov.in/nada/index.php/catalog/11398/download/14511/DDW00C-01%20Appendix%20MDDS.xlsx,128928,e82148f2c8e2b7c757efcbcf8940169941b7b718627ed43210341e291022a79b,2026-09-29
raw_datagov/DDW00C_01_MDDS-2011.xls,"data.gov.in (OGD Platform India) resource file, hosted on censusindia.gov.in/datagov",https://www.data.gov.in/catalog/population-religious-community-india-and-states,,"Population by Religious Community, 2011 - 00",https://censusindia.gov.in/datagov/C-01_Religion_Released_Religion_tables/DDW00C_01_MDDS-2011.xls,58368,d8bac46ea8ac5040cc9e5cc5930ea26a9d5870805ed1de30fdc0d5c860573a9f,2026-09-29
raw_datagov/DDW01C_01_MDDS-2011.xls,"data.gov.in (OGD Platform India) resource file, hosted on censusindia.gov.in/datagov",https://www.data.gov.in/catalog/population-religious-community-india-and-states,,"Population by Religious Community, 2011 - 01",https://censusindia.gov.in/datagov/C-01_Religion_Released_Religion_tables/DDW01C_01_MDDS-2011.xls,161792,3567699eeee63dab0364a86fe61710d4c7fb4ca77fd94064244e885a8f95608a,2026-09-29
raw_datagov/DDW02C_01_MDDS-2011.xls,"data.gov.in (OGD Platform India) resource file, hosted on censusindia.gov.in/datagov",https://www.data.gov.in/catalog/population-religious-community-india-and-states,,"Population by Religious Community, 2011 - 02",https://censusindia.gov.in/datagov/C-01_Religion_Released_Religion_tables/DDW02C_01_MDDS-2011.xls,162816,77198f0e0e2b757b0a549577398d6314f417bf45f94031530fba0a324c1a2ab3,2026-09-29
raw_datagov/DDW03C_01_MDDS-2011.xls,"data.gov.in (OGD Platform India) resource file, hosted on censusindia.gov.in/datagov",https://www.data.gov.in/catalog/population-religious-community-india-and-states,,"Population by Religious Community, 2011 - 03",https://censusindia.gov.in/datagov/C-01_Religion_Released_Religion_tables/DDW03C_01_MDDS-2011.xls,186368,f2f15e29d0a4e46b01f4d95c45c665c57794d578e17d63d5be9b556c978db111,2026-09-29
raw_datagov/DDW04C_01_MDDS-2011.xls,"data.gov.in (OGD Platform India) resource file, hosted on censusindia.gov.in/datagov",https://www.data.gov.in/catalog/population-religious-community-india-and-states,,"Population by Religious Community, 2011 - 04",https://censusindia.gov.in/datagov/C-01_Religion_Released_Religion_tables/DDW04C_01_MDDS-2011.xls,29184,13b7891bf1864eb7ccdb217fbebabad2a151b6f5e3be85fa92ad5358c2b6ebd7,2026-09-29
raw_datagov/DDW05C_01_MDDS-2011.xls,"data.gov.in (OGD Platform India) resource file, hosted on censusindia.gov.in/datagov",https://www.data.gov.in/catalog/population-religious-community-india-and-states,,"Population by Religious Community, 2011 - 05",https://censusindia.gov.in/datagov/C-01_Religion_Released_Religion_tables/DDW05C_01_MDDS-2011.xls,147968,528fd66ef6b2eb7748a1967efac1b2046674534e63ac477714304c96b9660fef,2026-09-29
raw_datagov/DDW06C_01_MDDS-2011.xls,"data.gov.in (OGD Platform India) resource file, hosted on censusindia.gov.in/datagov",https://www.data.gov.in/catalog/population-religious-community-india-and-states,,"Population by Religious Community, 2011 - 06",https://censusindia.gov.in/datagov/C-01_Religion_Released_Religion_tables/DDW06C_01_MDDS-2011.xls,162816,65609f9c63738f1c2e8ace0c0641553eeb8d07aee4b6346cf7bc6d2afecfec36,2026-09-29
raw_datagov/DDW07C_01_MDDS-2011.xls,"data.gov.in (OGD Platform India) resource file, hosted on censusindia.gov.in/datagov",https://www.data.gov.in/catalog/population-religious-community-india-and-states,,"Population by Religious Community, 2011 - 07",https://censusindia.gov.in/datagov/C-01_Religion_Released_Religion_tables/DDW07C_01_MDDS-2011.xls,105472,1a23c495b6ab510821e4678c35690595a741c468bc4beb755ca360be86de88df,2026-09-29
raw_datagov/DDW08C_01_MDDS-2011.xls,"data.gov.in (OGD Platform India) resource file, hosted on censusindia.gov.in/datagov",https://www.data.gov.in/catalog/population-religious-community-india-and-states,,"Population by Religious Community, 2011 - 08",https://censusindia.gov.in/datagov/C-01_Religion_Released_Religion_tables/DDW08C_01_MDDS-2011.xls,377344,2d2801a222af73fb0b4367d3abd50f71989570a13ff242c7795f42ec53a0908a,2026-09-29
raw_datagov/DDW09C_01_MDDS-2011.xls,"data.gov.in (OGD Platform India) resource file, hosted on censusindia.gov.in/datagov",https://www.data.gov.in/catalog/population-religious-community-india-and-states,,"Population by Religious Community, 2011 - 09",https://censusindia.gov.in/datagov/C-01_Religion_Released_Religion_tables/DDW09C_01_MDDS-2011.xls,671744,0651104fca470e479fc46ff62e7f583b5187453f0c177953505f33fd254a9f88,2026-09-29
raw_datagov/DDW10C_01_MDDS-2011.xls,"data.gov.in (OGD Platform India) resource file, hosted on censusindia.gov.in/datagov",https://www.data.gov.in/catalog/population-religious-community-india-and-states,,"Population by Religious Community, 2011 - 10",https://censusindia.gov.in/datagov/C-01_Religion_Released_Religion_tables/DDW10C_01_MDDS-2011.xls,615424,183c555d9367a8767d250a5ad6171678de92c49ec574be4d6328cc2cef79b7d9,2026-09-29
raw_datagov/DDW11C_01_MDDS-2011.xls,"data.gov.in (OGD Platform India) resource file, hosted on censusindia.gov.in/datagov",https://www.data.gov.in/catalog/population-religious-community-india-and-states,,"Population by Religious Community, 2011 - 11",https://censusindia.gov.in/datagov/C-01_Religion_Released_Religion_tables/DDW11C_01_MDDS-2011.xls,40448,ff9ea296c589187aee573d43c4668ee2abf241ba6a96e6ec62ea8dd44932e980,2026-09-29
raw_datagov/DDW12C_01_MDDS-2011.xls,"data.gov.in (OGD Platform India) resource file, hosted on censusindia.gov.in/datagov",https://www.data.gov.in/catalog/population-religious-community-india-and-states,,"Population by Religious Community, 2011 - 12",https://censusindia.gov.in/datagov/C-01_Religion_Released_Religion_tables/DDW12C_01_MDDS-2011.xls,221696,79ff90cbbf2f55af70d40345589b3efe6a498209f912115264ab87a6abd283d6,2026-09-29
raw_datagov/DDW13C_01_MDDS-2011.xls,"data.gov.in (OGD Platform India) resource file, hosted on censusindia.gov.in/datagov",https://www.data.gov.in/catalog/population-religious-community-india-and-states,,"Population by Religious Community, 2011 - 13",https://censusindia.gov.in/datagov/C-01_Religion_Released_Religion_tables/DDW13C_01_MDDS-2011.xls,148992,2b145cb440e1cd1abe4af7b379fb2a6939569fe3d2c58d5a495da694a31e326d,2026-09-29
raw_datagov/DDW14C_01_MDDS-2011.xls,"data.gov.in (OGD Platform India) resource file, hosted on censusindia.gov.in/datagov",https://www.data.gov.in/catalog/population-religious-community-india-and-states,,"Population by Religious Community, 2011 - 14",https://censusindia.gov.in/datagov/C-01_Religion_Released_Religion_tables/DDW14C_01_MDDS-2011.xls,88064,acdd5dabba777d4c5804e869e7247d3acd9fd444d9c11e2fd10d8612ff2433ed,2026-09-29
raw_datagov/DDW15C_01_MDDS-2011.xls,"data.gov.in (OGD Platform India) resource file, hosted on censusindia.gov.in/datagov",https://www.data.gov.in/catalog/population-religious-community-india-and-states,,"Population by Religious Community, 2011 - 15",https://censusindia.gov.in/datagov/C-01_Religion_Released_Religion_tables/DDW15C_01_MDDS-2011.xls,67072,f4225d9f4bebdea97a82f9120381c156867fb355427debdbc8a352c3d02d0b77,2026-09-29
raw_datagov/DDW16C_01_MDDS-2011.xls,"data.gov.in (OGD Platform India) resource file, hosted on censusindia.gov.in/datagov",https://www.data.gov.in/catalog/population-religious-community-india-and-states,,"Population by Religious Community, 2011 - 16",https://censusindia.gov.in/datagov/C-01_Religion_Released_Religion_tables/DDW16C_01_MDDS-2011.xls,83968,f5144fba434eecf0aba84d0afc2697f72f6307c7020dbd9bafca6449b091ea92,2026-09-29
raw_datagov/DDW17C_01_MDDS-2011.xls,"data.gov.in (OGD Platform India) resource file, hosted on censusindia.gov.in/datagov",https://www.data.gov.in/catalog/population-religious-community-india-and-states,,"Population by Religious Community, 2011 - 17",https://censusindia.gov.in/datagov/C-01_Religion_Released_Religion_tables/DDW17C_01_MDDS-2011.xls,75264,c7e36c0ab37e57ce3e7402d3bf7cb71f0b77ce7d13823cb1cda1f69d4f3b8975,2026-09-29
raw_datagov/DDW18C_01_MDDS-2011.xls,"data.gov.in (OGD Platform India) resource file, hosted on censusindia.gov.in/datagov",https://www.data.gov.in/catalog/population-religious-community-india-and-states,,"Population by Religious Community, 2011 - 18",https://censusindia.gov.in/datagov/C-01_Religion_Released_Religion_tables/DDW18C_01_MDDS-2011.xls,291328,b4725476f7f1b218638d98f8266e9ba046ed02f59e34ea6164894a3e60d8c981,2026-09-29
raw_datagov/DDW19C_01_MDDS-2011.xls,"data.gov.in (OGD Platform India) resource file, hosted on censusindia.gov.in/datagov",https://www.data.gov.in/catalog/population-religious-community-india-and-states,,"Population by Religious Community, 2011 - 19",https://censusindia.gov.in/datagov/C-01_Religion_Released_Religion_tables/DDW19C_01_MDDS-2011.xls,668672,5d99d742f0d095b49c167e6dc6092bc856531606e2041739af4d600c821ae8c8,2026-09-29
raw_datagov/DDW20C_01_MDDS-2011.xls,"data.gov.in (OGD Platform India) resource file, hosted on censusindia.gov.in/datagov",https://www.data.gov.in/catalog/population-religious-community-india-and-states,,"Population by Religious Community, 2011 - 20",https://censusindia.gov.in/datagov/C-01_Religion_Released_Religion_tables/DDW20C_01_MDDS-2011.xls,359424,afab3469076338f9512eee1c06b9fa9b6715a136f1e3694291cbf1ed87e7ff64,2026-09-29
raw_datagov/DDW21C_01_MDDS-2011.xls,"data.gov.in (OGD Platform India) resource file, hosted on censusindia.gov.in/datagov",https://www.data.gov.in/catalog/population-religious-community-india-and-states,,"Population by Religious Community, 2011 - 21",https://censusindia.gov.in/datagov/C-01_Religion_Released_Religion_tables/DDW21C_01_MDDS-2011.xls,564224,5a257af84b0f47610577e547dcbe93680ad04c0efd0ca5dd842d545cda918f20,2026-09-29
raw_datagov/DDW22C_01_MDDS-2011.xls,"data.gov.in (OGD Platform India) resource file, hosted on censusindia.gov.in/datagov",https://www.data.gov.in/catalog/population-religious-community-india-and-states,,"Population by Religious Community, 2011 - 22",https://censusindia.gov.in/datagov/C-01_Religion_Released_Religion_tables/DDW22C_01_MDDS-2011.xls,242688,b180ec2def770ca7d899818f8503284c5983c9cc101e950fe200a365e7eba044,2026-09-29
raw_datagov/DDW23C_01_MDDS-2011.xls,"data.gov.in (OGD Platform India) resource file, hosted on censusindia.gov.in/datagov",https://www.data.gov.in/catalog/population-religious-community-india-and-states,,"Population by Religious Community, 2011 - 23",https://censusindia.gov.in/datagov/C-01_Religion_Released_Religion_tables/DDW23C_01_MDDS-2011.xls,540160,88378d2e74b02fd6129ebefcfe682a9c122d31f06a7fffe55410b9fef2355e50,2026-09-29
raw_datagov/DDW24C_01_MDDS-2011.xls,"data.gov.in (OGD Platform India) resource file, hosted on censusindia.gov.in/datagov",https://www.data.gov.in/catalog/population-religious-community-india-and-states,,"Population by Religious Community, 2011 - 24",https://censusindia.gov.in/datagov/C-01_Religion_Released_Religion_tables/DDW24C_01_MDDS-2011.xls,369152,78c2f53c55b09a0217dabc33c5449e1e0f714baa32d39bc9ecd431cf18aa890a,2026-09-29
raw_datagov/DDW25C_01_MDDS-2011.xls,"data.gov.in (OGD Platform India) resource file, hosted on censusindia.gov.in/datagov",https://www.data.gov.in/catalog/population-religious-community-india-and-states,,"Population by Religious Community, 2011 - 25",https://censusindia.gov.in/datagov/C-01_Religion_Released_Religion_tables/DDW25C_01_MDDS-2011.xls,31744,61b62ec784c985befbd1605abf0e9604e1799f5afc937281de70879beea8d4f1,2026-09-29
raw_datagov/DDW26C_01_MDDS-2011.xls,"data.gov.in (OGD Platform India) resource file, hosted on censusindia.gov.in/datagov",https://www.data.gov.in/catalog/population-religious-community-india-and-states,,"Population by Religious Community, 2011 - 26",https://censusindia.gov.in/datagov/C-01_Religion_Released_Religion_tables/DDW26C_01_MDDS-2011.xls,29184,c2b545e198f73faef2045900cbf852030a65c588b3b763d5dae01b0b9037dd68,2026-09-29
raw_datagov/DDW27C_01_MDDS-2011.xls,"data.gov.in (OGD Platform India) resource file, hosted on censusindia.gov.in/datagov",https://www.data.gov.in/catalog/population-religious-community-india-and-states,,"Population by Religious Community, 2011 - 27",https://censusindia.gov.in/datagov/C-01_Religion_Released_Religion_tables/DDW27C_01_MDDS-2011.xls,558080,efe43c601f7a7e7f2aa4fd9a3ca8b4b8640ab1a618bdf0061a29da5145d36389,2026-09-29
raw_datagov/DDW28C_01_MDDS-2011.xls,"data.gov.in (OGD Platform India) resource file, hosted on censusindia.gov.in/datagov",https://www.data.gov.in/catalog/population-religious-community-india-and-states,,"Population by Religious Community, 2011 - 28",https://censusindia.gov.in/datagov/C-01_Religion_Released_Religion_tables/DDW28C_01_MDDS-2011.xls,1221120,0e6670c6afa7cf8fd43f1d451e6750c4c5df8f6256af6555d9a24ac97dda45f3,2026-09-29
raw_datagov/DDW29C_01_MDDS-2011.xls,"data.gov.in (OGD Platform India) resource file, hosted on censusindia.gov.in/datagov",https://www.data.gov.in/catalog/population-religious-community-india-and-states,,"Population by Religious Community, 2011 - 29",https://censusindia.gov.in/datagov/C-01_Religion_Released_Religion_tables/DDW29C_01_MDDS-2011.xls,332288,a6f63ba3383f607056e7f1c21969b70bcb0254b060f5c4c5b22d20a673c1b3e4,2026-09-29
raw_datagov/DDW30C_01_MDDS-2011.xls,"data.gov.in (OGD Platform India) resource file, hosted on censusindia.gov.in/datagov",https://www.data.gov.in/catalog/population-religious-community-india-and-states,,"Population by Religious Community, 2011 - 30",https://censusindia.gov.in/datagov/C-01_Religion_Released_Religion_tables/DDW30C_01_MDDS-2011.xls,59904,b047b9185103175bd45a26660c333f6e37eb6f01965f1cc4958b86e26950a501,2026-09-29
raw_datagov/DDW31C_01_MDDS-2011.xls,"data.gov.in (OGD Platform India) resource file, hosted on censusindia.gov.in/datagov",https://www.data.gov.in/catalog/population-religious-community-india-and-states,,"Population by Religious Community, 2011 - 31",https://censusindia.gov.in/datagov/C-01_Religion_Released_Religion_tables/DDW31C_01_MDDS-2011.xls,37376,7cacfc678bdd72a4f49e4c489da5fa41e379ab88bcdaa1b344c376fb8b9b44d7,2026-09-29
raw_datagov/DDW32C_01_MDDS-2011.xls,"data.gov.in (OGD Platform India) resource file, hosted on censusindia.gov.in/datagov",https://www.data.gov.in/catalog/population-religious-community-india-and-states,,"Population by Religious Community, 2011 - 32",https://censusindia.gov.in/datagov/C-01_Religion_Released_Religion_tables/DDW32C_01_MDDS-2011.xls,266752,79c47d4fb3cd4623f58ba0d13181ab16185d6683ef52f30a000fe069f4681384,2026-09-29
raw_datagov/DDW33C_01_MDDS-2011.xls,"data.gov.in (OGD Platform India) resource file, hosted on censusindia.gov.in/datagov",https://www.data.gov.in/catalog/population-religious-community-india-and-states,,"Population by Religious Community, 2011 - 33",https://censusindia.gov.in/datagov/C-01_Religion_Released_Religion_tables/DDW33C_01_MDDS-2011.xls,610816,939bb5cdab6b289ecbc995de6e74c1847aa41ef8deb994230e52382a10f1d3c7,2026-09-29
raw_datagov/DDW34C_01_MDDS-2011.xls,"data.gov.in (OGD Platform India) resource file, hosted on censusindia.gov.in/datagov",https://www.data.gov.in/catalog/population-religious-community-india-and-states,,"Population by Religious Community, 2011 - 34",https://censusindia.gov.in/datagov/C-01_Religion_Released_Religion_tables/DDW34C_01_MDDS-2011.xls,39936,220fb1d018e7e8ff139f4b4a693a50129cda38d96a4d5047d9d25a22f3251df1,2026-09-29
raw_datagov/DDW35C_01_MDDS-2011.xls,"data.gov.in (OGD Platform India) resource file, hosted on censusindia.gov.in/datagov",https://www.data.gov.in/catalog/population-religious-community-india-and-states,,"Population by Religious Community, 2011 - 35",https://censusindia.gov.in/datagov/C-01_Religion_Released_Religion_tables/DDW35C_01_MDDS-2011.xls,37888,345957087ee03a8d9bc80c3318bcac0eb558114a055785e55fa907fa8a431fe3,2026-09-29
