state,lgd_ac,lgd_name,eci,order_no,order_name,order_dist,exp,match,pop,share_in_order_district,lgd_top_districts,verifier_verdict,verifier_note
Uttar Pradesh,766,Mohammadabad,378,378,Mohammadabad,GHAZIPUR,195,eci+name,926603.0,0.5597359386921907,195:0.56;192:0.44,CONFIRMED LGD ERROR,"LGD marks Muhammadabad Gohna tehsil (Mau, 407,950 rural pop) Fully Covered by AC Mohammadabad (Ghazipur, 378). Order l.39232-39234: 355 Muhammadabad-Gohna (SC) = Muhammadabad Gohna Tehsil. Homonym."
Uttar Pradesh,851,Fatehpur,240,240,Fatehpur,FATEHPUR,172,eci+name,691390.0,0.4154240009256715,146:0.58;172:0.42,CONFIRMED LGD ERROR,"LGD marks Fatehabad tehsil (Agra, 404,170) Fully Covered by AC Fatehpur (Fatehpur district, 240). Order l.37501-37503: 93 Fatehabad = Fatehabad Tehsil."
Punjab,165,Anandpur Sahib,49,49,Anandpur Sahib,RUPNAGAR,"051,052",eci+name,634273.0,0.2323589369246365,039:0.77;051:0.23,CONFIRMED LGD ERROR,"LGD marks the whole Shahid Bhagat Singh Nagar district Fully Covered by AC Anandpur Sahib (49, Rupnagar). Order l.25342-25359: 46 Banga, 47 Nawan Shahr, 48 Balachaur make up that district. 472 villages (~487k) reach Anandpur Sahib only through this District row."
Jharkhand,2188,Barkatha,,20,Barkatha,Hazaribagh,360,name 1.00,455011.0,0.7088707745527031,360:0.71;348:0.29,NOT REVIEWED,district schedule may not capture legitimate cross-district extents (Jharkhand/Sikkim headings are pre-2011 districts); needs a look
Jharkhand,2208,Pakhur,5,5,Pakaur,Pakur,353,eci+name,428556.0,0.607628874639487,353:0.61;352:0.39,NOT REVIEWED,district schedule may not capture legitimate cross-district extents (Jharkhand/Sikkim headings are pre-2011 districts); needs a look
Jharkhand,2170,Barhi,,21,Barhi,Hazaribagh,360,name 1.00,407737.0,0.7946568498811734,360:0.79;348:0.21,NOT REVIEWED,district schedule may not capture legitimate cross-district extents (Jharkhand/Sikkim headings are pre-2011 districts); needs a look
West Bengal,1939,Bishnupur,255,255,BISHNUPUR,BANKURA,339,eci+name,407173.0,0.4980389171187677,343:0.50;339:0.50,CONFIRMED LGD ERROR,"LGD marks CDB Bishnupur-I (South 24 Parganas, 204,385) Fully Covered by AC Bishnupur (Bankura, 255). Order l.41566: 146 BISHNUPUR (SC) = CDB Bishnupur-I + GPs. Homonym; order_check.py rated it ""named whole"" (false pass)."
Jharkhand,2171,Barkagaon,,22,Barkagaon,Ramgarh,361,name 1.00,394721.0,0.4344157012168088,360:0.57;361:0.43,NOT REVIEWED,district schedule may not capture legitimate cross-district extents (Jharkhand/Sikkim headings are pre-2011 districts); needs a look
Jharkhand,2199,Bishrampur,77,77,Bishrampur,Palamu,358,eci+name,391214.0,0.5602483551202155,358:0.56;346:0.44,NOT REVIEWED,district schedule may not capture legitimate cross-district extents (Jharkhand/Sikkim headings are pre-2011 districts); needs a look
Bihar,1308,Belsand,30,30,Belsand,SITAMARHI,206,eci+name,384049.0,0.4852401646664879,205:0.51;206:0.49,NOT AN ERROR,Order l.6311/6347: Tariani Chowk CD block (Sheohar) is included in Belsand.
Jharkhand,2160,Dumri,,33,Dumri,Giridih,349,name 1.00,367795.0,0.5709756793866149,349:0.57;355:0.43,NOT REVIEWED,district schedule may not capture legitimate cross-district extents (Jharkhand/Sikkim headings are pre-2011 districts); needs a look
Madhya Pradesh,2460,Balaghat,111,111,Balaghat,BALAGHAT,457,eci+name,362952.0,0.658122837179572,457:0.66;456:0.34,CONFIRMED (already in PROVENANCE),Seoni/Kurai/Seoni Nagar tehsils given to Balaghat AC.
Punjab,236,Shahkot,32,32,Shahkot,JALANDHAR,037,eci+name,361670.0,0.3915668980009401,036:0.61;037:0.39;001:0.00,CONFIRMED LGD ERROR,"LGD marks Kapurthala tehsil (220,052) Fully Covered by AC Shahkot (Jalandhar, 32). Order l.25190-25213: Kapurthala tehsil is split among 26 Bholath, 27 Kapurthala and 28 Sultanpur Lodhi."
Jharkhand,2193,Bishunpur,,69,Bishunpur,Gumla,366,name 1.00,352515.0,0.7012127143525807,366:0.70;356:0.30,NOT REVIEWED,district schedule may not capture legitimate cross-district extents (Jharkhand/Sikkim headings are pre-2011 districts); needs a look
Jharkhand,2173,Mandhu,,24,Mandu,Hazaribagh,360,name 0.91,343635.0,0.7943893957251154,360:0.79;361:0.21,NOT REVIEWED,district schedule may not capture legitimate cross-district extents (Jharkhand/Sikkim headings are pre-2011 districts); needs a look
Gujarat,2816,Kankrej,15,15,Kankrej,BANASKANTHA,469,eci+name,327913.0,0.6078167074803378,469:0.61;470:0.39,CONFIRMED LGD ERROR,"LGD lists Santalpur taluka villages (Patan, 127,557) under AC Kankrej (15). Order l.9064-9066: 16 Radhanpur = Radhanpur Taluka + Santalpur Taluka (all but Kesargadh)."
Jharkhand,2221,Saraikella,51,51,Seraikella,Seraikella-Kharsawan,369,eci+name,317611.0,0.7953754750307767,369:0.80;368:0.20,NOT REVIEWED,district schedule may not capture legitimate cross-district extents (Jharkhand/Sikkim headings are pre-2011 districts); needs a look
Maharashtra,2923,Mehkar,5,5,Sakri (ST),DHULE,498,eci-only(name 0.36),314967.0,0.0,500:1.00,ARTEFACT,"LGD carries the wrong ECI number (5), so the check compared it with Sakri; Mehkar villages are in Buldhana, as in the Order."
Jharkhand,2204,Barhait,,3,Barhait,Sahebganj,352,name 1.00,314402.0,0.3681337904975159,351:0.63;352:0.37,NOT REVIEWED,district schedule may not capture legitimate cross-district extents (Jharkhand/Sikkim headings are pre-2011 districts); needs a look
Andhra Pradesh,3192,Rampachodavaram,,172,Rampachodavaram,EAST GODAVARI,545,name 1.00,287574.0,0.6776342784813648,545:0.68;541:0.32,NOT AN ERROR (post-2014),Polavaram mandals moved from Khammam in 2014 and attached to this AC by the AP Reorganisation (Amendment) Act.
Jharkhand,2175,Baharagora,41,41,Jharia,Dhanbad,354,eci-only(name 0.50),283512.0,0.0,357:1.00,ARTEFACT,"LGD carries the wrong ECI number (41), so the check compared it with Jharia."
Jharkhand,2184,Simdega,70,70,Simdega,Simdega,367,eci+name,277699.0,0.7088250227764594,367:0.71;366:0.29,NOT REVIEWED,district schedule may not capture legitimate cross-district extents (Jharkhand/Sikkim headings are pre-2011 districts); needs a look
Punjab,233,Kartarpur,33,33,Kartarpur,JALANDHAR,037,eci+name,177908.0,0.4124659936596443,036:0.59;037:0.41,CONFIRMED LGD ERROR,"LGD lists Sultanpur Lodhi tehsil villages (Kapurthala, 104,527) under AC Kartarpur (Jalandhar, 33). Order l.25203-25204: 28 Sultanpur Lodhi = Sultanpur Lodhi Tehsil."
Jharkhand,2169,Poreyahat,,16,Poreyahat,Godda,351,name 1.00,156291.0,0.0,362:1.00,NOT REVIEWED,district schedule may not capture legitimate cross-district extents (Jharkhand/Sikkim headings are pre-2011 districts); needs a look
Uttarakhand,295,Narendranagar,11,11,Narendranagar,TEHRI GARHWAL,059,eci+name,110099.0,0.7091526716863913,059:0.71;057:0.29,NOT REVIEWED,district schedule may not capture legitimate cross-district extents (Jharkhand/Sikkim headings are pre-2011 districts); needs a look
Himachal Pradesh,96,Hamirpur,38,38,Hamirpur,HAMIRPUR,028,eci+name,102488.0,0.707009601124034,028:0.71;029:0.29,CONFIRMED LGD ERROR,"AC Hamirpur (38) holds Bangana tehsil villages (Una, 29,521). Order l.12092-12095: 38 Hamirpur = KCs of Hamirpur Tehsil only."
Andhra Pradesh,3224,Eluru,184,184,Eluru,WEST GODAVARI,546,eci+name,89622.0,0.3441788846488585,541:0.66;546:0.34,NOT REVIEWED,district schedule may not capture legitimate cross-district extents (Jharkhand/Sikkim headings are pre-2011 districts); needs a look
Jharkhand,2186,Torpa,,59,Torpa,Khunti,365,name 1.00,80462.0,0.0,367:1.00,NOT REVIEWED,district schedule may not capture legitimate cross-district extents (Jharkhand/Sikkim headings are pre-2011 districts); needs a look
Tamil Nadu,3942,Karur,135,135,Karur,KARUR,613,eci+name,63830.0,0.7837693874353752,613:0.78;614:0.22,NOT REVIEWED,district schedule may not capture legitimate cross-district extents (Jharkhand/Sikkim headings are pre-2011 districts); needs a look
Kerala,3789,Elathur,,26,Elathur,KOZHIKODE,591,name 1.00,38132.0,0.5976083079827966,591:0.60;599:0.40,CONFIRMED LGD ERROR,"AC Elathur (Kozhikode) holds Kozhenchery taluk villages (Pathanamthitta, 15,344), e.g. Elanthoor and Kozhenchery panchayats, which Order l.16073-16076 puts in 113 Aranmula. Homonym."
Arunachal Pradesh,1430,Raga,,25,RAGA,UPPER SUBANSIRI,249,name 1.00,22102.0,0.3087050945615781,255:0.69;249:0.31,NOT AN ERROR,allow.csv in ac_district_2008: Raga circles are in Lower Subansiri in Census 2011.
Sikkim,1358,Kabi lungchuk,29,29,Kabi Lungchuk,NORTH,241,eci+name,21985.0,0.4314760063679781,244:0.57;241:0.43,NOT REVIEWED,district schedule may not capture legitimate cross-district extents (Jharkhand/Sikkim headings are pre-2011 districts); needs a look
Sikkim,1375,Tumen-lingi,,16,Tumen-Lingi,SOUTH,243,name 1.00,21004.0,0.2257665206627309,244:0.77;243:0.23,NOT REVIEWED,district schedule may not capture legitimate cross-district extents (Jharkhand/Sikkim headings are pre-2011 districts); needs a look
Punjab,260,Rajpura,111,111,Rajpura,PATIALA,"048,052",eci+name,17286.0,0.040610898993405,051:0.96;048:0.04;040:0.00,CONFIRMED LGD ERROR,"AC Rajpura (Patiala) holds Rupnagar-district villages (Morinda, Nangal); Order 111 Rajpura is in Patiala."
Chhattisgarh,2413,Kobra,21,21,Korba,KORBA,404,eci+name,12875.0,0.6296699029126214,404:0.63;400:0.37,NOT REVIEWED,district schedule may not capture legitimate cross-district extents (Jharkhand/Sikkim headings are pre-2011 districts); needs a look
Punjab,169,Garhshankar,45,45,Garhshankar,HOSHIARPUR,038,eci+name,8678.0,0.0,051:1.00,CONFIRMED LGD ERROR,AC Garhshankar (Hoshiarpur) holds only Rup Nagar tehsil villages. Order l.25336-25339: Garhshankar = KCs of Garhshankar Tehsil.
Punjab,166,Balachaur,48,48,Balachaur,NAWAN SHAHR,039,eci+name,2419.0,0.0,051:1.00,CONFIRMED LGD ERROR,AC Balachaur holds only Rup Nagar villages; its own Balachaur tehsil sits under Anandpur Sahib via the SBS Nagar District row.
Punjab,171,Nawan shahr,47,47,Nawan Shahr,NAWAN SHAHR,039,eci+name,2361.0,0.0,051:1.00,CONFIRMED LGD ERROR,AC Nawan Shahr holds only Rup Nagar villages; Nawanshahr tehsil sits under Anandpur Sahib.
Punjab,192,Amargarh,,106,Amargarh,SANGRUR,"053,054",name 1.00,2323.0,0.0,040:1.00,NOT REVIEWED,district schedule may not capture legitimate cross-district extents (Jharkhand/Sikkim headings are pre-2011 districts); needs a look
Punjab,239,Kapurthala,27,27,Kapurthala,KAPURTHALA,036,eci+name,1281.0,0.0,040:1.00,NOT REVIEWED,district schedule may not capture legitimate cross-district extents (Jharkhand/Sikkim headings are pre-2011 districts); needs a look
Punjab,245,Zira,75,75,Zira,FIROZPUR,043,eci+name,675.0,0.0,040:1.00,NOT REVIEWED,district schedule may not capture legitimate cross-district extents (Jharkhand/Sikkim headings are pre-2011 districts); needs a look
