state,ac_no,ac_name,district_2008,source,page,note
Gujarat,1,Abdasa,KACHCHH,"ECI Delimitation of Parliamentary and Assembly Constituencies Order, 2008 (English), Schedule IX Gujarat, Table A",116,
Gujarat,2,Mandvi,KACHCHH,"ECI Delimitation of Parliamentary and Assembly Constituencies Order, 2008 (English), Schedule IX Gujarat, Table A",116,
Gujarat,3,Bhuj,KACHCHH,"ECI Delimitation of Parliamentary and Assembly Constituencies Order, 2008 (English), Schedule IX Gujarat, Table A",116,
Gujarat,4,Anjar,KACHCHH,"ECI Delimitation of Parliamentary and Assembly Constituencies Order, 2008 (English), Schedule IX Gujarat, Table A",116,
Gujarat,5,Gandhidham,KACHCHH,"ECI Delimitation of Parliamentary and Assembly Constituencies Order, 2008 (English), Schedule IX Gujarat, Table A",117,reserved=SC
Gujarat,6,Rapar,KACHCHH,"ECI Delimitation of Parliamentary and Assembly Constituencies Order, 2008 (English), Schedule IX Gujarat, Table A",117,
Gujarat,7,Vav,BANASKANTHA,"ECI Delimitation of Parliamentary and Assembly Constituencies Order, 2008 (English), Schedule IX Gujarat, Table A",117,"extent also takes village Kesargadh of Santalpur Taluka (Part), Patan District (cross-district exception in the order); extent taluks/tehsils fall in 2011 districts: 469 Banas Kantha (Bhabhar/Vav), 470 Patan (Santalpur)"
Gujarat,8,Tharad,BANASKANTHA,"ECI Delimitation of Parliamentary and Assembly Constituencies Order, 2008 (English), Schedule IX Gujarat, Table A",117,
Gujarat,9,Dhanera,BANASKANTHA,"ECI Delimitation of Parliamentary and Assembly Constituencies Order, 2008 (English), Schedule IX Gujarat, Table A",117,
Gujarat,10,Danta,BANASKANTHA,"ECI Delimitation of Parliamentary and Assembly Constituencies Order, 2008 (English), Schedule IX Gujarat, Table A",117,reserved=ST
Gujarat,11,Vadgam,BANASKANTHA,"ECI Delimitation of Parliamentary and Assembly Constituencies Order, 2008 (English), Schedule IX Gujarat, Table A",117,reserved=SC
Gujarat,12,Palanpur,BANASKANTHA,"ECI Delimitation of Parliamentary and Assembly Constituencies Order, 2008 (English), Schedule IX Gujarat, Table A",117,
Gujarat,13,Deesa,BANASKANTHA,"ECI Delimitation of Parliamentary and Assembly Constituencies Order, 2008 (English), Schedule IX Gujarat, Table A",118,
Gujarat,14,Deodar,BANASKANTHA,"ECI Delimitation of Parliamentary and Assembly Constituencies Order, 2008 (English), Schedule IX Gujarat, Table A",118,
Gujarat,15,Kankrej,BANASKANTHA,"ECI Delimitation of Parliamentary and Assembly Constituencies Order, 2008 (English), Schedule IX Gujarat, Table A",118,
Gujarat,16,Radhanpur,PATAN,"ECI Delimitation of Parliamentary and Assembly Constituencies Order, 2008 (English), Schedule IX Gujarat, Table A",119,
Gujarat,17,Chanasma,PATAN,"ECI Delimitation of Parliamentary and Assembly Constituencies Order, 2008 (English), Schedule IX Gujarat, Table A",119,
Gujarat,18,Patan,PATAN,"ECI Delimitation of Parliamentary and Assembly Constituencies Order, 2008 (English), Schedule IX Gujarat, Table A",119,
Gujarat,19,Sidhpur,PATAN,"ECI Delimitation of Parliamentary and Assembly Constituencies Order, 2008 (English), Schedule IX Gujarat, Table A",120,
Gujarat,20,Kheralu,MAHESANA,"ECI Delimitation of Parliamentary and Assembly Constituencies Order, 2008 (English), Schedule IX Gujarat, Table A",120,
Gujarat,21,Unjha,MAHESANA,"ECI Delimitation of Parliamentary and Assembly Constituencies Order, 2008 (English), Schedule IX Gujarat, Table A",120,
Gujarat,22,Visnagar,MAHESANA,"ECI Delimitation of Parliamentary and Assembly Constituencies Order, 2008 (English), Schedule IX Gujarat, Table A",120,
Gujarat,23,Becharaji,MAHESANA,"ECI Delimitation of Parliamentary and Assembly Constituencies Order, 2008 (English), Schedule IX Gujarat, Table A",120,
Gujarat,24,Kadi,MAHESANA,"ECI Delimitation of Parliamentary and Assembly Constituencies Order, 2008 (English), Schedule IX Gujarat, Table A",120,reserved=SC
Gujarat,25,Mahesana,MAHESANA,"ECI Delimitation of Parliamentary and Assembly Constituencies Order, 2008 (English), Schedule IX Gujarat, Table A",120,app AE 2012 spelling 'MEHSANA' (spelling variant)
Gujarat,26,Vijapur,MAHESANA,"ECI Delimitation of Parliamentary and Assembly Constituencies Order, 2008 (English), Schedule IX Gujarat, Table A",121,
Gujarat,27,Himatnagar,SABARKANTHA,"ECI Delimitation of Parliamentary and Assembly Constituencies Order, 2008 (English), Schedule IX Gujarat, Table A",121,
Gujarat,28,Idar,SABARKANTHA,"ECI Delimitation of Parliamentary and Assembly Constituencies Order, 2008 (English), Schedule IX Gujarat, Table A",121,reserved=SC
Gujarat,29,Khedbrahma,SABARKANTHA,"ECI Delimitation of Parliamentary and Assembly Constituencies Order, 2008 (English), Schedule IX Gujarat, Table A",121,reserved=ST
Gujarat,30,Bhiloda,SABARKANTHA,"ECI Delimitation of Parliamentary and Assembly Constituencies Order, 2008 (English), Schedule IX Gujarat, Table A",121,reserved=ST
Gujarat,31,Modasa,SABARKANTHA,"ECI Delimitation of Parliamentary and Assembly Constituencies Order, 2008 (English), Schedule IX Gujarat, Table A",122,
Gujarat,32,Bayad,SABARKANTHA,"ECI Delimitation of Parliamentary and Assembly Constituencies Order, 2008 (English), Schedule IX Gujarat, Table A",122,
Gujarat,33,Prantij,SABARKANTHA,"ECI Delimitation of Parliamentary and Assembly Constituencies Order, 2008 (English), Schedule IX Gujarat, Table A",122,
Gujarat,34,Dahegam,GANDHINAGAR,"ECI Delimitation of Parliamentary and Assembly Constituencies Order, 2008 (English), Schedule IX Gujarat, Table A",122,app AE 2012 spelling 'DEHGAM' (spelling variant)
Gujarat,35,Gandhinagar South,GANDHINAGAR,"ECI Delimitation of Parliamentary and Assembly Constituencies Order, 2008 (English), Schedule IX Gujarat, Table A",122,
Gujarat,36,Gandhinagar North,GANDHINAGAR,"ECI Delimitation of Parliamentary and Assembly Constituencies Order, 2008 (English), Schedule IX Gujarat, Table A",122,
Gujarat,37,Mansa,GANDHINAGAR,"ECI Delimitation of Parliamentary and Assembly Constituencies Order, 2008 (English), Schedule IX Gujarat, Table A",122,
Gujarat,38,Kalol,GANDHINAGAR,"ECI Delimitation of Parliamentary and Assembly Constituencies Order, 2008 (English), Schedule IX Gujarat, Table A",122,
Gujarat,39,Viramgam,AHMEDABAD,"ECI Delimitation of Parliamentary and Assembly Constituencies Order, 2008 (English), Schedule IX Gujarat, Table A",123,
Gujarat,40,Sanand,AHMEDABAD,"ECI Delimitation of Parliamentary and Assembly Constituencies Order, 2008 (English), Schedule IX Gujarat, Table A",123,
Gujarat,41,Ghatlodia,AHMEDABAD,"ECI Delimitation of Parliamentary and Assembly Constituencies Order, 2008 (English), Schedule IX Gujarat, Table A",123,
Gujarat,42,Vejalpur,AHMEDABAD,"ECI Delimitation of Parliamentary and Assembly Constituencies Order, 2008 (English), Schedule IX Gujarat, Table A",123,
Gujarat,43,Vatva,AHMEDABAD,"ECI Delimitation of Parliamentary and Assembly Constituencies Order, 2008 (English), Schedule IX Gujarat, Table A",123,
Gujarat,44,Ellisbridge,AHMEDABAD,"ECI Delimitation of Parliamentary and Assembly Constituencies Order, 2008 (English), Schedule IX Gujarat, Table A",123,
Gujarat,45,Naranpura,AHMEDABAD,"ECI Delimitation of Parliamentary and Assembly Constituencies Order, 2008 (English), Schedule IX Gujarat, Table A",123,
Gujarat,46,Nikol,AHMEDABAD,"ECI Delimitation of Parliamentary and Assembly Constituencies Order, 2008 (English), Schedule IX Gujarat, Table A",123,
Gujarat,47,Naroda,AHMEDABAD,"ECI Delimitation of Parliamentary and Assembly Constituencies Order, 2008 (English), Schedule IX Gujarat, Table A",123,
Gujarat,48,Thakkarbapa Nagar,AHMEDABAD,"ECI Delimitation of Parliamentary and Assembly Constituencies Order, 2008 (English), Schedule IX Gujarat, Table A",123,
Gujarat,49,Bapunagar,AHMEDABAD,"ECI Delimitation of Parliamentary and Assembly Constituencies Order, 2008 (English), Schedule IX Gujarat, Table A",123,
Gujarat,50,Amraiwadi,AHMEDABAD,"ECI Delimitation of Parliamentary and Assembly Constituencies Order, 2008 (English), Schedule IX Gujarat, Table A",124,
Gujarat,51,Dariapur,AHMEDABAD,"ECI Delimitation of Parliamentary and Assembly Constituencies Order, 2008 (English), Schedule IX Gujarat, Table A",124,
Gujarat,52,Jamalpur-Khadia,AHMEDABAD,"ECI Delimitation of Parliamentary and Assembly Constituencies Order, 2008 (English), Schedule IX Gujarat, Table A",124,
Gujarat,53,Maninagar,AHMEDABAD,"ECI Delimitation of Parliamentary and Assembly Constituencies Order, 2008 (English), Schedule IX Gujarat, Table A",124,
Gujarat,54,Danilimda,AHMEDABAD,"ECI Delimitation of Parliamentary and Assembly Constituencies Order, 2008 (English), Schedule IX Gujarat, Table A",124,reserved=SC
Gujarat,55,Sabarmati,AHMEDABAD,"ECI Delimitation of Parliamentary and Assembly Constituencies Order, 2008 (English), Schedule IX Gujarat, Table A",124,
Gujarat,56,Asarwa,AHMEDABAD,"ECI Delimitation of Parliamentary and Assembly Constituencies Order, 2008 (English), Schedule IX Gujarat, Table A",124,reserved=SC
Gujarat,57,Daskroi,AHMEDABAD,"ECI Delimitation of Parliamentary and Assembly Constituencies Order, 2008 (English), Schedule IX Gujarat, Table A",124,
Gujarat,58,Dholka,AHMEDABAD,"ECI Delimitation of Parliamentary and Assembly Constituencies Order, 2008 (English), Schedule IX Gujarat, Table A",124,
Gujarat,59,Dhandhuka,AHMEDABAD,"ECI Delimitation of Parliamentary and Assembly Constituencies Order, 2008 (English), Schedule IX Gujarat, Table A",124,
Gujarat,60,Dasada,SURENDRANAGAR,"ECI Delimitation of Parliamentary and Assembly Constituencies Order, 2008 (English), Schedule IX Gujarat, Table A",125,reserved=SC
Gujarat,61,Limbdi,SURENDRANAGAR,"ECI Delimitation of Parliamentary and Assembly Constituencies Order, 2008 (English), Schedule IX Gujarat, Table A",125,
Gujarat,62,Wadhwan,SURENDRANAGAR,"ECI Delimitation of Parliamentary and Assembly Constituencies Order, 2008 (English), Schedule IX Gujarat, Table A",125,
Gujarat,63,Chotila,SURENDRANAGAR,"ECI Delimitation of Parliamentary and Assembly Constituencies Order, 2008 (English), Schedule IX Gujarat, Table A",125,
Gujarat,64,Dhrangadhra,SURENDRANAGAR,"ECI Delimitation of Parliamentary and Assembly Constituencies Order, 2008 (English), Schedule IX Gujarat, Table A",125,
Gujarat,65,Morbi,RAJKOT,"ECI Delimitation of Parliamentary and Assembly Constituencies Order, 2008 (English), Schedule IX Gujarat, Table A",125,app AE 2012 spelling 'MORVI' (spelling variant)
Gujarat,66,Tankara,RAJKOT,"ECI Delimitation of Parliamentary and Assembly Constituencies Order, 2008 (English), Schedule IX Gujarat, Table A",125,"extent also takes villages Chhalla, Golita of Dhrol Taluka (Part), Jamnagar District (cross-district exception in the order); extent taluks/tehsils fall in 2011 districts: 476 Rajkot (Lodhika/Morbi/Paddhari Taluka-Entire/Tankara), 477 Jamnagar (Dhrol)"
Gujarat,67,Wankaner,RAJKOT,"ECI Delimitation of Parliamentary and Assembly Constituencies Order, 2008 (English), Schedule IX Gujarat, Table A",126,
Gujarat,68,Rajkot East,RAJKOT,"ECI Delimitation of Parliamentary and Assembly Constituencies Order, 2008 (English), Schedule IX Gujarat, Table A",126,
Gujarat,69,Rajkot West,RAJKOT,"ECI Delimitation of Parliamentary and Assembly Constituencies Order, 2008 (English), Schedule IX Gujarat, Table A",126,
Gujarat,70,Rajkot South,RAJKOT,"ECI Delimitation of Parliamentary and Assembly Constituencies Order, 2008 (English), Schedule IX Gujarat, Table A",126,
Gujarat,71,Rajkot Rural,RAJKOT,"ECI Delimitation of Parliamentary and Assembly Constituencies Order, 2008 (English), Schedule IX Gujarat, Table A",126,reserved=SC
Gujarat,72,Jasdan,RAJKOT,"ECI Delimitation of Parliamentary and Assembly Constituencies Order, 2008 (English), Schedule IX Gujarat, Table A",126,"extent also takes village Ori of Sayla Taluka (Part), Surendranagar District (cross-district exception in the order); extent taluks/tehsils fall in 2011 districts: 476 Rajkot (Gondal/Jasdan), 475 Surendranagar (Sayla)"
Gujarat,73,Gondal,RAJKOT,"ECI Delimitation of Parliamentary and Assembly Constituencies Order, 2008 (English), Schedule IX Gujarat, Table A",126,
Gujarat,74,Jetpur,RAJKOT,"ECI Delimitation of Parliamentary and Assembly Constituencies Order, 2008 (English), Schedule IX Gujarat, Table A",127,"extent also takes village Devalki of Vadia Taluka (Part), Amreli District (cross-district exception in the order); extent taluks/tehsils fall in 2011 districts: 476 Rajkot (Jamkandorna/Jetpur), 480 Amreli (Vadia)"
Gujarat,75,Dhoraji,RAJKOT,"ECI Delimitation of Parliamentary and Assembly Constituencies Order, 2008 (English), Schedule IX Gujarat, Table A",127,
Gujarat,76,Kalavad,JAMNAGAR,"ECI Delimitation of Parliamentary and Assembly Constituencies Order, 2008 (English), Schedule IX Gujarat, Table A",127,"reserved=SC; app AE 2012 spelling 'KALAWAD' (spelling variant); extent also takes villages Khokhri, Jivapar of Paddhari Taluka (Part), Rajkot District (cross-district exception in the order); extent taluks/tehsils fall in 2011 districts: 477 Jamnagar (Dhrol Taluka-Entire/Jodiya/Kalavad), 476 Rajkot (Paddhari)"
Gujarat,77,Jamnagar Rural,JAMNAGAR,"ECI Delimitation of Parliamentary and Assembly Constituencies Order, 2008 (English), Schedule IX Gujarat, Table A",127,
Gujarat,78,Jamnagar North,JAMNAGAR,"ECI Delimitation of Parliamentary and Assembly Constituencies Order, 2008 (English), Schedule IX Gujarat, Table A",128,
Gujarat,79,Jamnagar South,JAMNAGAR,"ECI Delimitation of Parliamentary and Assembly Constituencies Order, 2008 (English), Schedule IX Gujarat, Table A",128,
Gujarat,80,Jamjodhpur,JAMNAGAR,"ECI Delimitation of Parliamentary and Assembly Constituencies Order, 2008 (English), Schedule IX Gujarat, Table A",128,
Gujarat,81,Khambhalia,JAMNAGAR,"ECI Delimitation of Parliamentary and Assembly Constituencies Order, 2008 (English), Schedule IX Gujarat, Table A",128,
Gujarat,82,Dwarka,JAMNAGAR,"ECI Delimitation of Parliamentary and Assembly Constituencies Order, 2008 (English), Schedule IX Gujarat, Table A",128,
Gujarat,83,Porbandar,PORBANDAR,"ECI Delimitation of Parliamentary and Assembly Constituencies Order, 2008 (English), Schedule IX Gujarat, Table A",128,
Gujarat,84,Kutiyana,PORBANDAR,"ECI Delimitation of Parliamentary and Assembly Constituencies Order, 2008 (English), Schedule IX Gujarat, Table A",128,
Gujarat,85,Manavadar,JUNAGADH,"ECI Delimitation of Parliamentary and Assembly Constituencies Order, 2008 (English), Schedule IX Gujarat, Table A",129,
Gujarat,86,Junagadh,JUNAGADH,"ECI Delimitation of Parliamentary and Assembly Constituencies Order, 2008 (English), Schedule IX Gujarat, Table A",129,
Gujarat,87,Visavadar,JUNAGADH,"ECI Delimitation of Parliamentary and Assembly Constituencies Order, 2008 (English), Schedule IX Gujarat, Table A",129,"extent also takes village Kadaya of Bagasara Taluka (Part), Amreli District (cross-district exception in the order); extent taluks/tehsils fall in 2011 districts: 479 Junagadh (Bhesan/Junagadh/Visavadar), 480 Amreli (Bagasara)"
Gujarat,88,Keshod,JUNAGADH,"ECI Delimitation of Parliamentary and Assembly Constituencies Order, 2008 (English), Schedule IX Gujarat, Table A",129,
Gujarat,89,Mangrol,JUNAGADH,"ECI Delimitation of Parliamentary and Assembly Constituencies Order, 2008 (English), Schedule IX Gujarat, Table A",129,
Gujarat,90,Somnath,JUNAGADH,"ECI Delimitation of Parliamentary and Assembly Constituencies Order, 2008 (English), Schedule IX Gujarat, Table A",130,
Gujarat,91,Talala,JUNAGADH,"ECI Delimitation of Parliamentary and Assembly Constituencies Order, 2008 (English), Schedule IX Gujarat, Table A",130,
Gujarat,92,Kodinar,JUNAGADH,"ECI Delimitation of Parliamentary and Assembly Constituencies Order, 2008 (English), Schedule IX Gujarat, Table A",130,reserved=SC
Gujarat,93,Una,JUNAGADH,"ECI Delimitation of Parliamentary and Assembly Constituencies Order, 2008 (English), Schedule IX Gujarat, Table A",130,
Gujarat,94,Dhari,AMRELI,"ECI Delimitation of Parliamentary and Assembly Constituencies Order, 2008 (English), Schedule IX Gujarat, Table A",130,
Gujarat,95,Amreli,AMRELI,"ECI Delimitation of Parliamentary and Assembly Constituencies Order, 2008 (English), Schedule IX Gujarat, Table A",131,
Gujarat,96,Lathi,AMRELI,"ECI Delimitation of Parliamentary and Assembly Constituencies Order, 2008 (English), Schedule IX Gujarat, Table A",131,
Gujarat,97,Savarkundla,AMRELI,"ECI Delimitation of Parliamentary and Assembly Constituencies Order, 2008 (English), Schedule IX Gujarat, Table A",131,
Gujarat,98,Rajula,AMRELI,"ECI Delimitation of Parliamentary and Assembly Constituencies Order, 2008 (English), Schedule IX Gujarat, Table A",131,
Gujarat,99,Mahuva,BHAVNAGAR,"ECI Delimitation of Parliamentary and Assembly Constituencies Order, 2008 (English), Schedule IX Gujarat, Table A",131,"extent also takes village Rampara No-1 of Rajula Taluka (Part), Amreli District (cross-district exception in the order); extent taluks/tehsils fall in 2011 districts: 481 Bhavnagar (Mahuva), 480 Amreli (Rajula)"
Gujarat,100,Talaja,BHAVNAGAR,"ECI Delimitation of Parliamentary and Assembly Constituencies Order, 2008 (English), Schedule IX Gujarat, Table A",131,
Gujarat,101,Gariadhar,BHAVNAGAR,"ECI Delimitation of Parliamentary and Assembly Constituencies Order, 2008 (English), Schedule IX Gujarat, Table A",132,
Gujarat,102,Palitana,BHAVNAGAR,"ECI Delimitation of Parliamentary and Assembly Constituencies Order, 2008 (English), Schedule IX Gujarat, Table A",132,
Gujarat,103,Bhavnagar Rural,BHAVNAGAR,"ECI Delimitation of Parliamentary and Assembly Constituencies Order, 2008 (English), Schedule IX Gujarat, Table A",132,
Gujarat,104,Bhavnagar East,BHAVNAGAR,"ECI Delimitation of Parliamentary and Assembly Constituencies Order, 2008 (English), Schedule IX Gujarat, Table A",133,
Gujarat,105,Bhavnagar West,BHAVNAGAR,"ECI Delimitation of Parliamentary and Assembly Constituencies Order, 2008 (English), Schedule IX Gujarat, Table A",133,
Gujarat,106,Gadhada,BHAVNAGAR,"ECI Delimitation of Parliamentary and Assembly Constituencies Order, 2008 (English), Schedule IX Gujarat, Table A",133,reserved=SC
Gujarat,107,Botad,BHAVNAGAR,"ECI Delimitation of Parliamentary and Assembly Constituencies Order, 2008 (English), Schedule IX Gujarat, Table A",133,
Gujarat,108,Khambhat,ANAND,"ECI Delimitation of Parliamentary and Assembly Constituencies Order, 2008 (English), Schedule IX Gujarat, Table A",133,
Gujarat,109,Borsad,ANAND,"ECI Delimitation of Parliamentary and Assembly Constituencies Order, 2008 (English), Schedule IX Gujarat, Table A",133,
Gujarat,110,Anklav,ANAND,"ECI Delimitation of Parliamentary and Assembly Constituencies Order, 2008 (English), Schedule IX Gujarat, Table A",133,
Gujarat,111,Umreth,ANAND,"ECI Delimitation of Parliamentary and Assembly Constituencies Order, 2008 (English), Schedule IX Gujarat, Table A",134,
Gujarat,112,Anand,ANAND,"ECI Delimitation of Parliamentary and Assembly Constituencies Order, 2008 (English), Schedule IX Gujarat, Table A",134,
Gujarat,113,Petlad,ANAND,"ECI Delimitation of Parliamentary and Assembly Constituencies Order, 2008 (English), Schedule IX Gujarat, Table A",134,
Gujarat,114,Sojitra,ANAND,"ECI Delimitation of Parliamentary and Assembly Constituencies Order, 2008 (English), Schedule IX Gujarat, Table A",134,
Gujarat,115,Matar,KHEDA,"ECI Delimitation of Parliamentary and Assembly Constituencies Order, 2008 (English), Schedule IX Gujarat, Table A",134,
Gujarat,116,Nadiad,KHEDA,"ECI Delimitation of Parliamentary and Assembly Constituencies Order, 2008 (English), Schedule IX Gujarat, Table A",134,
Gujarat,117,Mehmedabad,KHEDA,"ECI Delimitation of Parliamentary and Assembly Constituencies Order, 2008 (English), Schedule IX Gujarat, Table A",134,app AE 2012 spelling 'MEHEMDABAD' (spelling variant)
Gujarat,118,Mahudha,KHEDA,"ECI Delimitation of Parliamentary and Assembly Constituencies Order, 2008 (English), Schedule IX Gujarat, Table A",135,
Gujarat,119,Thasra,KHEDA,"ECI Delimitation of Parliamentary and Assembly Constituencies Order, 2008 (English), Schedule IX Gujarat, Table A",135,
Gujarat,120,Kapadvanj,KHEDA,"ECI Delimitation of Parliamentary and Assembly Constituencies Order, 2008 (English), Schedule IX Gujarat, Table A",135,app AE 2012 spelling 'KAPADWANJ' (spelling variant)
Gujarat,121,Balasinor,KHEDA,"ECI Delimitation of Parliamentary and Assembly Constituencies Order, 2008 (English), Schedule IX Gujarat, Table A",135,
Gujarat,122,Lunawada,PANCHMAHALS,"ECI Delimitation of Parliamentary and Assembly Constituencies Order, 2008 (English), Schedule IX Gujarat, Table A",135,
Gujarat,123,Santrampur,PANCHMAHALS,"ECI Delimitation of Parliamentary and Assembly Constituencies Order, 2008 (English), Schedule IX Gujarat, Table A",136,reserved=ST
Gujarat,124,Shehra,PANCHMAHALS,"ECI Delimitation of Parliamentary and Assembly Constituencies Order, 2008 (English), Schedule IX Gujarat, Table A",136,
Gujarat,125,Morva Hadaf,PANCHMAHALS,"ECI Delimitation of Parliamentary and Assembly Constituencies Order, 2008 (English), Schedule IX Gujarat, Table A",136,"reserved=ST; extent also takes village Gamdi of Devgad Baria Taluka (Part), Dahod District (cross-district exception in the order); extent taluks/tehsils fall in 2011 districts: 484 Panch Mahals (Godhra/Santrampur), 485 Dohad (Devgad Baria)"
Gujarat,126,Godhra,PANCHMAHALS,"ECI Delimitation of Parliamentary and Assembly Constituencies Order, 2008 (English), Schedule IX Gujarat, Table A",137,
Gujarat,127,Kalol,PANCHMAHALS,"ECI Delimitation of Parliamentary and Assembly Constituencies Order, 2008 (English), Schedule IX Gujarat, Table A",137,
Gujarat,128,Halol,PANCHMAHALS,"ECI Delimitation of Parliamentary and Assembly Constituencies Order, 2008 (English), Schedule IX Gujarat, Table A",137,
Gujarat,129,Fatepura,DAHOD,"ECI Delimitation of Parliamentary and Assembly Constituencies Order, 2008 (English), Schedule IX Gujarat, Table A",137,reserved=ST
Gujarat,130,Jhalod,DAHOD,"ECI Delimitation of Parliamentary and Assembly Constituencies Order, 2008 (English), Schedule IX Gujarat, Table A",138,reserved=ST
Gujarat,131,Limkheda,DAHOD,"ECI Delimitation of Parliamentary and Assembly Constituencies Order, 2008 (English), Schedule IX Gujarat, Table A",138,reserved=ST
Gujarat,132,Dahod,DAHOD,"ECI Delimitation of Parliamentary and Assembly Constituencies Order, 2008 (English), Schedule IX Gujarat, Table A",138,reserved=ST
Gujarat,133,Garbada,DAHOD,"ECI Delimitation of Parliamentary and Assembly Constituencies Order, 2008 (English), Schedule IX Gujarat, Table A",138,reserved=ST
Gujarat,134,Devgadhbaria,DAHOD,"ECI Delimitation of Parliamentary and Assembly Constituencies Order, 2008 (English), Schedule IX Gujarat, Table A",139,
Gujarat,135,Savli,VADODARA,"ECI Delimitation of Parliamentary and Assembly Constituencies Order, 2008 (English), Schedule IX Gujarat, Table A",139,
Gujarat,136,Vaghodia,VADODARA,"ECI Delimitation of Parliamentary and Assembly Constituencies Order, 2008 (English), Schedule IX Gujarat, Table A",139,
Gujarat,137,Chhota Udaipur,VADODARA,"ECI Delimitation of Parliamentary and Assembly Constituencies Order, 2008 (English), Schedule IX Gujarat, Table A",139,reserved=ST
Gujarat,138,Jetpur,VADODARA,"ECI Delimitation of Parliamentary and Assembly Constituencies Order, 2008 (English), Schedule IX Gujarat, Table A",140,reserved=ST
Gujarat,139,Sankheda,VADODARA,"ECI Delimitation of Parliamentary and Assembly Constituencies Order, 2008 (English), Schedule IX Gujarat, Table A",140,"reserved=ST; extent also takes village Dhefa of Nandod Taluka (Part), Narmada District (cross-district exception in the order); extent taluks/tehsils fall in 2011 districts: 486 Vadodara (Nasvadi/Sankheda), 487 Narmada (Nandod)"
Gujarat,140,Dabhoi,VADODARA,"ECI Delimitation of Parliamentary and Assembly Constituencies Order, 2008 (English), Schedule IX Gujarat, Table A",140,
Gujarat,141,Vadodara City,VADODARA,"ECI Delimitation of Parliamentary and Assembly Constituencies Order, 2008 (English), Schedule IX Gujarat, Table A",140,reserved=SC
Gujarat,142,Sayajigunj,VADODARA,"ECI Delimitation of Parliamentary and Assembly Constituencies Order, 2008 (English), Schedule IX Gujarat, Table A",140,app AE 2012 spelling 'SAYAJIGANJ' (spelling variant)
Gujarat,143,Akota,VADODARA,"ECI Delimitation of Parliamentary and Assembly Constituencies Order, 2008 (English), Schedule IX Gujarat, Table A",140,
Gujarat,144,Raopura,VADODARA,"ECI Delimitation of Parliamentary and Assembly Constituencies Order, 2008 (English), Schedule IX Gujarat, Table A",141,
Gujarat,145,Manjalpur,VADODARA,"ECI Delimitation of Parliamentary and Assembly Constituencies Order, 2008 (English), Schedule IX Gujarat, Table A",141,
Gujarat,146,Padra,VADODARA,"ECI Delimitation of Parliamentary and Assembly Constituencies Order, 2008 (English), Schedule IX Gujarat, Table A",141,
Gujarat,147,Karjan,VADODARA,"ECI Delimitation of Parliamentary and Assembly Constituencies Order, 2008 (English), Schedule IX Gujarat, Table A",141,
Gujarat,148,Nandod,NARMADA,"ECI Delimitation of Parliamentary and Assembly Constituencies Order, 2008 (English), Schedule IX Gujarat, Table A",141,reserved=ST
Gujarat,149,Dediapada,NARMADA,"ECI Delimitation of Parliamentary and Assembly Constituencies Order, 2008 (English), Schedule IX Gujarat, Table A",141,reserved=ST
Gujarat,150,Jambusar,BHARUCH,"ECI Delimitation of Parliamentary and Assembly Constituencies Order, 2008 (English), Schedule IX Gujarat, Table A",141,
Gujarat,151,Vagra,BHARUCH,"ECI Delimitation of Parliamentary and Assembly Constituencies Order, 2008 (English), Schedule IX Gujarat, Table A",141,
Gujarat,152,Jhagadia,BHARUCH,"ECI Delimitation of Parliamentary and Assembly Constituencies Order, 2008 (English), Schedule IX Gujarat, Table A",141,reserved=ST
Gujarat,153,Bharuch,BHARUCH,"ECI Delimitation of Parliamentary and Assembly Constituencies Order, 2008 (English), Schedule IX Gujarat, Table A",142,
Gujarat,154,Ankleshwar,BHARUCH,"ECI Delimitation of Parliamentary and Assembly Constituencies Order, 2008 (English), Schedule IX Gujarat, Table A",142,
Gujarat,155,Olpad,SURAT,"ECI Delimitation of Parliamentary and Assembly Constituencies Order, 2008 (English), Schedule IX Gujarat, Table A",142,
Gujarat,156,Mangrol,SURAT,"ECI Delimitation of Parliamentary and Assembly Constituencies Order, 2008 (English), Schedule IX Gujarat, Table A",142,reserved=ST
Gujarat,157,Mandvi,SURAT,"ECI Delimitation of Parliamentary and Assembly Constituencies Order, 2008 (English), Schedule IX Gujarat, Table A",142,"reserved=ST; extent taluks/tehsils fall in 2011 districts: 492 Surat (Mandvi), 493 Tapi (Songadh)"
Gujarat,158,Kamrej,SURAT,"ECI Delimitation of Parliamentary and Assembly Constituencies Order, 2008 (English), Schedule IX Gujarat, Table A",142,
Gujarat,159,Surat East,SURAT,"ECI Delimitation of Parliamentary and Assembly Constituencies Order, 2008 (English), Schedule IX Gujarat, Table A",143,
Gujarat,160,Surat North,SURAT,"ECI Delimitation of Parliamentary and Assembly Constituencies Order, 2008 (English), Schedule IX Gujarat, Table A",143,
Gujarat,161,Varachha Road,SURAT,"ECI Delimitation of Parliamentary and Assembly Constituencies Order, 2008 (English), Schedule IX Gujarat, Table A",143,
Gujarat,162,Karanj,SURAT,"ECI Delimitation of Parliamentary and Assembly Constituencies Order, 2008 (English), Schedule IX Gujarat, Table A",143,
Gujarat,163,Limbayat,SURAT,"ECI Delimitation of Parliamentary and Assembly Constituencies Order, 2008 (English), Schedule IX Gujarat, Table A",143,
Gujarat,164,Udhna,SURAT,"ECI Delimitation of Parliamentary and Assembly Constituencies Order, 2008 (English), Schedule IX Gujarat, Table A",143,
Gujarat,165,Majura,SURAT,"ECI Delimitation of Parliamentary and Assembly Constituencies Order, 2008 (English), Schedule IX Gujarat, Table A",143,
Gujarat,166,Katargam,SURAT,"ECI Delimitation of Parliamentary and Assembly Constituencies Order, 2008 (English), Schedule IX Gujarat, Table A",143,
Gujarat,167,Surat West,SURAT,"ECI Delimitation of Parliamentary and Assembly Constituencies Order, 2008 (English), Schedule IX Gujarat, Table A",143,
Gujarat,168,Choryasi,SURAT,"ECI Delimitation of Parliamentary and Assembly Constituencies Order, 2008 (English), Schedule IX Gujarat, Table A",143,app AE 2012 spelling 'CHORASI' (spelling variant)
Gujarat,169,Bardoli,SURAT,"ECI Delimitation of Parliamentary and Assembly Constituencies Order, 2008 (English), Schedule IX Gujarat, Table A",143,reserved=SC
Gujarat,170,Mahuva,SURAT,"ECI Delimitation of Parliamentary and Assembly Constituencies Order, 2008 (English), Schedule IX Gujarat, Table A",144,"reserved=ST; extent taluks/tehsils fall in 2011 districts: 492 Surat (Bardoli/Mahuva), 493 Tapi (Valod)"
Gujarat,171,Vyara,SURAT,"ECI Delimitation of Parliamentary and Assembly Constituencies Order, 2008 (English), Schedule IX Gujarat, Table A",144,reserved=ST; extent taluks/tehsils fall in 2011 districts: 493 Tapi (Vyara)
Gujarat,172,Nizar,SURAT,"ECI Delimitation of Parliamentary and Assembly Constituencies Order, 2008 (English), Schedule IX Gujarat, Table A",144,reserved=ST; extent taluks/tehsils fall in 2011 districts: 493 Tapi (Nizar/Songadh/Uchchhal)
Gujarat,173,Dangs,DANGS,"ECI Delimitation of Parliamentary and Assembly Constituencies Order, 2008 (English), Schedule IX Gujarat, Table A",144,reserved=ST
Gujarat,174,Jalalpore,NAVSARI,"ECI Delimitation of Parliamentary and Assembly Constituencies Order, 2008 (English), Schedule IX Gujarat, Table A",145,
Gujarat,175,Navsari,NAVSARI,"ECI Delimitation of Parliamentary and Assembly Constituencies Order, 2008 (English), Schedule IX Gujarat, Table A",145,
Gujarat,176,Gandevi,NAVSARI,"ECI Delimitation of Parliamentary and Assembly Constituencies Order, 2008 (English), Schedule IX Gujarat, Table A",145,reserved=ST
Gujarat,177,Bansda,NAVSARI,"ECI Delimitation of Parliamentary and Assembly Constituencies Order, 2008 (English), Schedule IX Gujarat, Table A",145,reserved=ST; app AE 2012 spelling 'VANSDA' (spelling variant)
Gujarat,178,Dharampur,VALSAD,"ECI Delimitation of Parliamentary and Assembly Constituencies Order, 2008 (English), Schedule IX Gujarat, Table A",146,reserved=ST
Gujarat,179,Valsad,VALSAD,"ECI Delimitation of Parliamentary and Assembly Constituencies Order, 2008 (English), Schedule IX Gujarat, Table A",146,
Gujarat,180,Pardi,VALSAD,"ECI Delimitation of Parliamentary and Assembly Constituencies Order, 2008 (English), Schedule IX Gujarat, Table A",146,
Gujarat,181,Kaprada,VALSAD,"ECI Delimitation of Parliamentary and Assembly Constituencies Order, 2008 (English), Schedule IX Gujarat, Table A",146,reserved=ST
Gujarat,182,Umbergaon,VALSAD,"ECI Delimitation of Parliamentary and Assembly Constituencies Order, 2008 (English), Schedule IX Gujarat, Table A",146,reserved=ST
