state,district_2008,continuing_2011_code,carved_2011_codes,note
Tamil Nadu,THIRUVALLUR,602,,
Tamil Nadu,CHENNAI,603,,Census-2011 Chennai = the pre-2018 city district; the 2011 corporation expansion did not move district lines until 2018
Tamil Nadu,KANCHEEPURAM,604,,
Tamil Nadu,VELLORE,605,,
Tamil Nadu,KRISHNAGIRI,631,,"carved from Dharmapuri in 2004, already separate in the order"
Tamil Nadu,DHARMAPURI,630,,
Tamil Nadu,TIRUVANNAMALAI,606,,
Tamil Nadu,VILUPPURAM,607,,
Tamil Nadu,SALEM,608,,
Tamil Nadu,NAMAKKAL,609,,
Tamil Nadu,ERODE,610,633,Tiruppur district (22-02-2009) carved out of Coimbatore and Erode (Wikipedia district article); from Erode it took Dharapuram and Kangeyam taluks (Census-2011 Tiruppur subdistricts)
Tamil Nadu,THE NILGIRIS,611,,
Tamil Nadu,COIMBATORE,632,633,"Tiruppur district (22-02-2009) carved out of Coimbatore and Erode (Wikipedia district article); from Coimbatore it took Tiruppur, Avanashi, Palladam, Udumalaipettai (+Madathukulam)"
Tamil Nadu,DINDIGUL,612,,
Tamil Nadu,KARUR,613,,
Tamil Nadu,TIRUCHIRAPPALLI,614,,
Tamil Nadu,PERAMBALUR,615,616,"Ariyalur re-carved out of Perambalur on 23-11-2007 (Wikipedia district article; Census-2011 Ariyalur = Ariyalur, Udayarpalayam, Sendurai taluks)"
Tamil Nadu,CUDDALORE,617,,
Tamil Nadu,NAGAPATTINAM,618,,
Tamil Nadu,THIRUVARUR,619,,
Tamil Nadu,THANJAVUR,620,,
Tamil Nadu,PUDUKKOTTAI,621,,
Tamil Nadu,SIVAGANGA,622,,
Tamil Nadu,MADURAI,623,,
Tamil Nadu,THENI,624,,
Tamil Nadu,VIRUDHUNAGAR,625,,
Tamil Nadu,RAMANATHAPURAM,626,,
Tamil Nadu,THOOTHUKKUDI,627,,
Tamil Nadu,TIRUNELVELI,628,,
Tamil Nadu,KANNIYAKUMARI,629,,
