ac_no,reservation,district
1,SC,Karimaganj
2,,Karimaganj
3,,Karimaganj
4,,Karimaganj
5,,Karimaganj
6,,Hailakandi
7,,Hailakandi
8,,Hailakandi
9,,Cachar
10,,Cachar
11,SC,Cachar
12,,Cachar
13,,Cachar
14,,Cachar
15,,Cachar
16,ST,Dima Hasao
17,ST,Karbi Anglong
18,ST,Karbi Anglong
19,ST,Karbi Anglong
20,ST,West Karbi Anglong
21,,South Salmara Mankachar
22,,South Salmara Mankachar
23,,Dhubri
24,,Dhubri
25,,Dhubri
26,,Dhubri
27,,Dhubri
28,,Kokrajhar
29,ST,Kokrajhar
30,ST,Kokrajhar
31,ST,Chirang
32,,Bongaigaon
33,,Chirang
34,,Bongaigaon
35,SC,Bongaigaon
36,ST,Goalpara
37,,Goalpara
38,,Goalpara
39,,Goalpara
40,,Barpeta
41,,Bajali
42,,Bajali
43,,Barpeta
44,,Barpeta
45,,Barpeta
46,,Barpeta
47,,Barpeta
48,SC,Kamrup
49,,Kamrup
50,,Kamrup
51,,Kamrup Metro
52,,Kamrup Metro
53,,Kamrup Metro
54,,Kamrup Metro
55,,Kamrup
56,,Kamrup
57,,Kamrup
58,,Baksa
59,,Nalbari
60,,Nalbari
61,,Nalbari
62,ST,Baksa
63,ST,Baksa
64,,Udalguri
65,,Darrang
66,,Darrang
67,SC,Darrang
68,,Darrang
69,ST,Udalguri
70,,Udalguri
71,,Sonitpur
72,,Sonitpur
73,,Sonitpur
74,,Sonitpur
75,,Sonitpur
76,,Biswanath
77,,Biswanath
78,,Biswanath
79,SC,Marigaon
80,,Marigaon
81,,Marigaon
82,SC,Nagaon
83,,Nagaon
84,,Nagaon
85,,Nagaon
86,,Nagaon
87,,Nagaon
88,,Nagaon
89,,Nagaon
90,,Hojai
91,,Hojai
92,,Hojai
93,,Golaghat
94,,Golaghat
95,,Golaghat
96,,Golaghat
97,SC,Golaghat
98,,Jorhat
99,ST,Majuli
100,,Jorhat
101,,Jorhat
102,,Jorhat
103,,Sibsagar
104,,Sibsagar
105,,Charaideo
106,,Charaideo
107,,Sibsagar
108,,Sibsagar
109,,Lakhimpur
110,,Lakhimpur
111,,Lakhimpur
112,ST,Lakhimpur
113,ST,Dhemaji
114,ST,Dhemaji
115,,Dibrugarh
116,,Dibrugarh
117,,Dibrugarh
118,,Dibrugarh
119,,Dibrugarh
120,,Dibrugarh
121,,Dibrugarh
122,,Tinsukia
123,,Tinsukia
124,,Tinsukia
125,,Tinsukia
126,,Tinsukia
